month,pushes,actor,actor_attributes_location
8/1/2014,1,AurelioDeRosa,"London, UK (ex Frattamaggiore, Italy)"
8/1/2014,1,petersendidit,"Austin, Texas"
8/1/2014,5,Zergleb,Utah
8/1/2014,1,leobalter,"Rio de Janeiro, Brazil"
8/1/2014,1,PeterDaveHello,Taiwan ROC
8/1/2014,2,gtsop,Greece
8/1/2014,5,marcioviniciussena,"Goiania, Goi��s"
8/1/2014,1,ismay,Netherlands
8/1/2014,1,rphuber,"Charleston, SC"
8/1/2014,1,ameyms,"Pune, India"
8/1/2014,4,hamishdickson,London
8/1/2014,3,KOBA789,Japan
8/1/2014,9,ishrat009,"Dhaka, Bangladesh"
8/1/2014,1,Enelar,Saint-Petersburg
8/1/2014,2,longzero1888,"Beijing,China"
8/1/2014,2,tkblink,"Charleston, SC"
7/1/2014,1,dmethvin,"Columbia, MD"
7/1/2014,1,danhart,"London, UK"
7/1/2014,2,drmonty,Berlin/Germany
7/1/2014,1,balupton,"Sydney, Australia"
7/1/2014,1,ZECTBynmo,Cambridge MA
7/1/2014,2,RobLoach,"Toronto, ON"
7/1/2014,1,ssut,"Seoul, Korea"
7/1/2014,1,viviannow,"peking,china"
7/1/2014,1,ahmetatak,��stanbul
7/1/2014,11,ChrisAntaki,United States of America
7/1/2014,1,brendansoftllc,"Oak Ridge, TN"
7/1/2014,1,floverdevel,"Plan��te Terre, Voie Lact��e"
7/1/2014,3,rkanagarajnr,India
7/1/2014,4,leobalter,"Rio de Janeiro, Brazil"
7/1/2014,1,jazzqi,"Hangzhou, China"
7/1/2014,2,mzgol,"Poland, Warsaw"
7/1/2014,3,wenber,Beijing
7/1/2014,1,mihirkelkar,"Catonsville, Maryland."
7/1/2014,1,stephenplusplus,Michigan
7/1/2014,1,lynzz,fuzhou
7/1/2014,1,oberhamsi,EU
7/1/2014,1,dommert,Arizona
7/1/2014,1,villadora,"Shanghai,China"
7/1/2014,13,JohnCoumbe,"Oxon, UK"
7/1/2014,1,thongredweb,Viet Nam
7/1/2014,22,timmywil,"Chattanooga, TN"
6/1/2014,2,tjvantoll,"Lansing, MI"
6/1/2014,1,benjic,Cut Bank MT
6/1/2014,1,stamhe,"Shanghai,China"
6/1/2014,1,cassell,"Herndon, VA"
6/1/2014,2,mukiwu,"Tapiei, Taiwan"
6/1/2014,21,JohnCoumbe,"Oxon, UK"
6/1/2014,22,timmywil,"Chattanooga, TN"
6/1/2014,1,Krinkle,"Enschede, The Netherlands"
6/1/2014,2,shantanusharma,New York
6/1/2014,1,rusco,Portugal
6/1/2014,2,thongredweb,Viet Nam
6/1/2014,19,LeoDutra,"Rio de Janeiro, Brazil"
6/1/2014,2,gibson042,New Hampshire
6/1/2014,2,mzgol,"Poland, Warsaw"
6/1/2014,2,dmethvin,"Columbia, MD"
6/1/2014,1,upisfree,"Russia, Omsk"
6/1/2014,1,wenber,Beijing
6/1/2014,1,jordan112,MI
6/1/2014,3,stealthpaladin,"Long Beach, CA"
6/1/2014,2,lynzz,fuzhou
6/1/2014,1,phaikawl,Vietnam
6/1/2014,5,scottgonzalez,"York, PA"
6/1/2014,1,mestachs,"belgium, Namur"
6/1/2014,5,mathieubeauregard,"Quebec, Canada"
6/1/2014,2,thomasrudin,Switzerland
6/1/2014,2,yeshuangdong,Shanghai
6/1/2014,4,ChrisAntaki,United States of America
6/1/2014,1,guillaumebort,Paris
6/1/2014,1,avidela,Argentina
5/1/2014,4,hoosin,"Canton,China"
5/1/2014,2,chemdemo,ShenZhen.China
5/1/2014,1,hendrismit,"Groningen, Netherlands"
5/1/2014,6,mzgol,"Poland, Warsaw"
5/1/2014,3,rwaldron,"Brooklyn, NY"
5/1/2014,12,leobalter,"Rio de Janeiro, Brazil"
5/1/2014,3,tjvantoll,"Lansing, MI"
5/1/2014,1,jstonne,"Kuala Lumpur, Malaysia"
5/1/2014,7,dmethvin,"Columbia, MD"
5/1/2014,1,Troland,China
5/1/2014,1,poppinlp,China
5/1/2014,2,qiangxue,"Virginia, U.S.A."
5/1/2014,1,evanlucas,"Hattiesburg, MS"
5/1/2014,1,afc163,"Hangzhou, China"
5/1/2014,1,scottgonzalez,"York, PA"
5/1/2014,5,Mr21,Paris
5/1/2014,2,relik,"Rouen, France"
5/1/2014,3,dcorb,Helsinki
5/1/2014,5,thongredweb,Viet Nam
5/1/2014,1,covex-nn,"Nizhniy Novgorod, Russia"
5/1/2014,10,reinyjunior,"Juiz de Fora, Minas Gerais - Brasil"
5/1/2014,1,benatkin,"Flagstaff, AZ"
5/1/2014,2,mdzzaman,"25.795288,88.774024"
5/1/2014,2,BenV,"Broomfield, CO"
5/1/2014,11,loi-chuanoi,M���t n���a s��� th���t
5/1/2014,3,chharvey,"Charlottesville, VA"
5/1/2014,10,timmywil,"Chattanooga, TN"
5/1/2014,1,rusco,Portugal
5/1/2014,3,shantanusharma,New York
5/1/2014,2,embedthis,"Seattle, Washington. USA."
5/1/2014,3,luanpotter,Brazil
4/1/2014,2,jzaefferer,"Cologne, Germany"
4/1/2014,3,luanpotter,Brazil
4/1/2014,3,lynzz,fuzhou
4/1/2014,1,evanlucas,"Hattiesburg, MS"
4/1/2014,2,shantanusharma,New York
4/1/2014,2,gibson042,New Hampshire
4/1/2014,4,thongredweb,Viet Nam
4/1/2014,1,AveVlad,"Russia, Taganrog"
4/1/2014,1,hoosin,"Canton,China"
4/1/2014,2,jrowens,"Tucson, AZ, US"
4/1/2014,4,Mr21,Paris
4/1/2014,2,afc163,"Hangzhou, China"
4/1/2014,3,benvinegar,"San Francisco, CA"
4/1/2014,5,yuanmeng1981,China
4/1/2014,7,rusco,Portugal
4/1/2014,2,rzurawicki,"Cambridge, MA"
4/1/2014,1,hbyuan,China
4/1/2014,3,idearat,"Westminster, CO"
4/1/2014,1,wangfei10,Ctrip
4/1/2014,1,jure,San Francisco / Slovenia
4/1/2014,1,kaelzhang,Shanghai
4/1/2014,8,dmethvin,"Columbia, MD"
4/1/2014,10,covex-nn,"Nizhniy Novgorod, Russia"
4/1/2014,1,mdzzaman,"25.795288,88.774024"
4/1/2014,1,SlaF,"Stavropol, Russia"
4/1/2014,2,scottgonzalez,"York, PA"
4/1/2014,1,Troland,China
4/1/2014,18,mzgol,"Poland, Warsaw"
4/1/2014,1,footearth,China
4/1/2014,7,tmilos,"Belgrade, Serbia"
3/1/2014,1,thongredweb,Viet Nam
3/1/2014,13,ianturner,"Leeds, UK"
3/1/2014,3,M4n0x,Switzerland
3/1/2014,1,wenber,beijing
3/1/2014,1,lholmquist,NY
3/1/2014,2,shantanusharma,New York
3/1/2014,1,h4ck3rm1k3,"Lawrence, Kansas, USA"
3/1/2014,1,afc163,"Hangzhou, China"
3/1/2014,4,robgraeber,"Bay Area, CA"
3/1/2014,5,jonathansampson,"Atlanta, GA"
3/1/2014,1,Nightink,"Fuzhou,China"
3/1/2014,1,lynzz,fuzhou
3/1/2014,8,AviMoto,Israel
3/1/2014,1,brendansoftllc,"Oak Ridge, TN"
3/1/2014,1,arjun024,NIT Calicut / Bangalore
3/1/2014,2,jzaefferer,"Cologne, Germany"
3/1/2014,3,Mr21,Paris
3/1/2014,1,whage,Budapest
3/1/2014,1,silverwind,Austria
3/1/2014,1,IDisposable,"St. Louis, MO, USA, Earth, Sol, Milky Way, Galaxy"
3/1/2014,3,nantunes,"Lisbon, Portugal"
3/1/2014,13,thomasrudin,Switzerland
3/1/2014,1,ilanbiala,USA
3/1/2014,1,zmhassan,"Toronto, Ontario"
3/1/2014,3,footearth,China
3/1/2014,19,rusco,"Braga, Portugal"
3/1/2014,1,GerHobbelt,Den Haag (NL)
3/1/2014,11,johnhoven,"St. Louis, Missouri, USA"
3/1/2014,2,mponizil,"New York, NY"
3/1/2014,2,timmywil,"Chattanooga, TN"
3/1/2014,1,scottgonzalez,"York, PA"
3/1/2014,59,mzgol,"Poland, Warsaw"
3/1/2014,37,dmethvin,"Columbia, MD"
3/1/2014,4,gibson042,New Hampshire
2/1/2014,1,wmh,Taipei x Taiwan
2/1/2014,1,JordanAMeyer,"Indiana, USA"
2/1/2014,1,jstonne,"Kuala Lumpur, Malaysia"
2/1/2014,7,timmywil,"Chattanooga, TN"
2/1/2014,1,CMCDragonkai,"Sydney & Canberra, Australia"
2/1/2014,1,crisward,Manchester
2/1/2014,3,cezor,Denmark
2/1/2014,20,mzgol,"Poland, Warsaw"
2/1/2014,1,SlexAxton,"Austin, TX"
2/1/2014,4,thongredweb,Viet Nam
2/1/2014,3,shantanusharma,New York
2/1/2014,2,neelance,"Aachen, Germany"
2/1/2014,1,l0rdn1kk0n,"Karlsruhe, Germany"
2/1/2014,2,pgte,"Funchal, Portugal"
2/1/2014,1,skynet,"Jupiter, Florida - USA"
2/1/2014,15,rwaldron,"Brooklyn, NY"
2/1/2014,3,gibson042,New Hampshire
2/1/2014,26,rusco,"Braga, Portugal"
2/1/2014,1,GerHobbelt,Den Haag (NL)
2/1/2014,1,danielhusar,Dublin
2/1/2014,1,jbwilmoth,Tennessee
2/1/2014,3,denisacostaq,-
2/1/2014,1,floverdevel,"Plan��te Terre, Voie Lact��e"
2/1/2014,3,fhemberger,"Cologne, Germany"
2/1/2014,1,jakob-stoeck,"Munich, Germany"
2/1/2014,7,JohnCoumbe,"Oxon, UK"
2/1/2014,1,arjun024,NIT Calicut / Bangalore
2/1/2014,5,tarikbenmerar,Algeria
2/1/2014,1,tjvantoll,"Lansing, MI"
2/1/2014,7,caitp,"Toronto, Canada"
1/1/2014,1,drublic,Cologne
1/1/2014,36,mzgol,"Poland, Warsaw"
1/1/2014,8,raloliver,Curitiba - PR
1/1/2014,1,mc10,United States
1/1/2014,2,thongredweb,Viet Nam
1/1/2014,1,nikhil121212,555-555-0199@example.com
1/1/2014,1,liuming365365,������������������������������������17F
1/1/2014,1,nrako,Switzerland
1/1/2014,1,stevenvachon,"Toronto, Canada"
1/1/2014,1,fhemberger,"Cologne, Germany"
1/1/2014,1,webbushka,Utah
1/1/2014,26,timmywil,"Chattanooga, TN"
1/1/2014,4,gibson042,New Hampshire
1/1/2014,1,allanbatista,Rio de Janeiro - RJ - Brasil
1/1/2014,1,ben,"Portland, OR, USA"
1/1/2014,1,tmanderson,"Chicago, Il"
1/1/2014,1,GerHobbelt,Den Haag (NL)
1/1/2014,2,qiangxue,"Virginia, U.S.A."
1/1/2014,3,c4software,France
1/1/2014,1,calvinmetcalf,Boston
1/1/2014,1,Nebri,"Hamilton, Ontario"
1/1/2014,2,louisremi,Lyon
1/1/2014,13,shantanusharma,New York
1/1/2014,1,incheon,"Matsudo City, Chiba, Japan"
1/1/2014,1,kelp404,Taiwan
1/1/2014,5,rusco,"Braga, Portugal"
1/1/2014,1,dsheiko,"Germany, Frankfurt"
1/1/2014,17,dmethvin,"Columbia, MD"
1/1/2014,1,DekusDenial,United States
1/1/2014,2,sheppard,"Minneapolis, MN"
1/1/2014,2,lholmquist,NY
1/1/2014,3,leobalter,"Rio de Janeiro, Brazil"
1/1/2014,1,jaubourg,Europe
1/1/2014,2,josh,"Chicago, IL"
1/1/2014,3,wyuenho,Hong Kong
1/1/2014,2,MatthewMueller,"San Francisco, CA"
12/1/2013,2,mc10,United States
12/1/2013,8,cjqed,"Vero Beach, FL"
12/1/2013,2,Mr21,Paris
12/1/2013,3,tokunagakazuya,Japan
12/1/2013,1,louisje,"Taipei, Taiwan"
12/1/2013,1,DekusDenial,United States
12/1/2013,1,robotdan,Minnesota
12/1/2013,1,wmh,Taipei x Taiwan
12/1/2013,3,michaelpapworth,"Nottingham, UK"
12/1/2013,1,scottgonzalez,"York, PA"
12/1/2013,1,arjun024,NIT Calicut / Bangalore
12/1/2013,11,shantanusharma,New York
12/1/2013,56,timmywil,"Chattanooga, TN"
12/1/2013,1,sbrekken,"Oslo, Norway"
12/1/2013,2,vcela,"Granada, Spain"
12/1/2013,1,thomasrudin,Switzerland
12/1/2013,10,mzgol,"Poland, Warsaw"
12/1/2013,1,chuguixin,������
12/1/2013,5,gibson042,New Hampshire
12/1/2013,1,FredsTivoli,Stockholm
12/1/2013,4,Krinkle,"Enschede, The Netherlands"
12/1/2013,1,noahfreedman,"Stanford, CA"
12/1/2013,2,Amol-Wankhede,India
12/1/2013,6,dmethvin,"Columbia, MD"
12/1/2013,4,raloliver,Curitiba - PR
12/1/2013,1,Jositoyoyo,Spain
12/1/2013,2,jstonne,"Kuala Lumpur, Malaysia"
12/1/2013,2,k-ori,"San Jose, CA, United States"
12/1/2013,1,AurelioDeRosa,"Frattamaggiore, Italy"
11/1/2013,1,kaelzhang,Shanghai
11/1/2013,1,dannykingme,San Francisco
11/1/2013,1,Encounternow,Taipei
11/1/2013,1,kelp404,Taiwan
11/1/2013,3,vcela,"Granada, Spain"
11/1/2013,1,Cactusbone,Paris
11/1/2013,1,fourmisz,Korea
11/1/2013,1,gorodinskiy,Saint-Petersburg
11/1/2013,1,andi1984,Saarbr��cken
11/1/2013,1,pavelzaitsau,Belarus
11/1/2013,2,Krinkle,"Enschede, The Netherlands"
11/1/2013,35,mzgol,"Poland, Warsaw"
11/1/2013,1,RobLoach,"Toronto, ON"
11/1/2013,2,jstonne,"Kuala Lumpur, Malaysia"
11/1/2013,4,DekusDenial,United States
11/1/2013,15,hongymagic,"Sydney, Australia"
11/1/2013,4,lizzie,China
11/1/2013,6,ChrisAntaki,United States of America
11/1/2013,1,eoftedal,"Oslo, Norway"
11/1/2013,7,yawetse,"New York, NY"
11/1/2013,2,mc10,United States
11/1/2013,1,jkrug,Germany / Magdeburg
11/1/2013,70,qiangxue,"Virginia, U.S.A."
11/1/2013,5,grisendo,"Saragossa, Spain"
11/1/2013,3,rwaldron,"Brooklyn, NY"
11/1/2013,3,gnarf,"Somerville, MA"
11/1/2013,1,ahnjunwoo,seoul
11/1/2013,31,gibson042,New Hampshire
11/1/2013,1,chuguixin,������
11/1/2013,1,maxbucknell,"York, UK"
11/1/2013,52,timmywil,"Chattanooga, TN"
11/1/2013,4,jamesf408,California
11/1/2013,15,shantanusharma,New York
11/1/2013,3,njhamann,"New York, NY"
11/1/2013,2,raloliver,Curitiba - PR
11/1/2013,3,jakob-stoeck,"Munich, Germany"
11/1/2013,16,dmethvin,"Columbia, MD"
11/1/2013,10,hypo1986,beijing.china
10/1/2013,1,SunghanKim,UK(EU) / US / JP / Republic of KOREA
10/1/2013,2,GerHobbelt,Den Haag (NL)
10/1/2013,1,lizzie,China
10/1/2013,1,fadoe,Germany
10/1/2013,22,timmywil,"Chattanooga, TN"
10/1/2013,1,datag,Germany
10/1/2013,5,lathabalasundaram,"Boston,MA"
10/1/2013,1,chumakoff,Russian Federation
10/1/2013,3,garethredfern,Preston UK
10/1/2013,27,gibson042,New Hampshire
10/1/2013,1,chuguixin,������
10/1/2013,4,jstonne,"Kuala Lumpur, Malaysia"
10/1/2013,3,sindresorhus,Norway
10/1/2013,2,kaelzhang,Shanghai
10/1/2013,2,stsvilik,NYC
10/1/2013,1,fdemiramon,Paris
10/1/2013,1,brynary,New York City
10/1/2013,6,carldanley,"Wellington, FL"
10/1/2013,20,ChrisAntaki,United States of America
10/1/2013,3,lihanli,"brooklyn, ny"
10/1/2013,2,ronny-springer,Berlin | Germany
10/1/2013,6,ericmann,"Beaverton, OR"
10/1/2013,9,mzgol,"Poland, Warsaw"
10/1/2013,18,katsgeorgeek,"Kiev, Ukraine"
10/1/2013,1,excalibur,������
10/1/2013,16,shantanusharma,New York
10/1/2013,1,wmh,Taipei / Taiwan
10/1/2013,7,mseremak,Europe
10/1/2013,12,dmethvin,"Columbia, MD"
10/1/2013,9,DekusDenial,United States
10/1/2013,1,manueldrama,Turkey
10/1/2013,2,Krinkle,"Enschede, The Netherlands"
10/1/2013,2,zackbloom,Boston
10/1/2013,1,scottgonzalez,"York, PA"
10/1/2013,1,anthonyshort,"Newcastle, Australia"
9/1/2013,2,Krinkle,"Enschede, The Netherlands"
9/1/2013,4,gucong3000,Chengdu
9/1/2013,2,kidwm,Taiwan
9/1/2013,2,anthonyryan1,Canada
9/1/2013,15,shantanusharma,New York
9/1/2013,3,kayahr,"Germany, Bonn"
9/1/2013,1,mmazur,"Warsaw, Poland"
9/1/2013,10,ameyms,"Pune, India"
9/1/2013,48,mzgol,"Poland, Warsaw"
9/1/2013,9,guybedford,California / South Africa
9/1/2013,1,baldurrensch,"Los Angeles, CA"
9/1/2013,15,gibson042,New Hampshire
9/1/2013,4,wmh,Taipei / Taiwan
9/1/2013,1,danvsantos,Brasil
9/1/2013,8,dmethvin,"Columbia, MD"
9/1/2013,2,josh,"Chicago, IL"
9/1/2013,79,timmywil,"Chattanooga, TN"
9/1/2013,2,jzaefferer,"Cologne, Germany"
9/1/2013,1,tanaydin,istanbul
9/1/2013,1,lholmquist,NY
9/1/2013,1,lihanli,"brooklyn, ny"
9/1/2013,2,amit1952,India
9/1/2013,2,rcavalcanti,Belgium
9/1/2013,1,eprev,"Moscow, Russia"
9/1/2013,1,scriptum,Moscow
9/1/2013,5,TaurusSCH,by
8/1/2013,73,timmywil,"Chattanooga, TN"
8/1/2013,1,mmazur,"Warsaw, Poland"
8/1/2013,1,ruzzll,Lima - Peru
8/1/2013,7,igorlima,Minas Gerais / Brazil
8/1/2013,45,edjafarov,Ukraine
8/1/2013,6,ameyms,"Pune, India"
8/1/2013,2,fernandoPalaciosGit,palma de mallorca
8/1/2013,4,guybedford,California / South Africa
8/1/2013,1,lholmquist,NY
8/1/2013,1,yawboakye,"Accra, Ghana"
8/1/2013,13,shantanusharma,New York
8/1/2013,21,mzgol,"Poland, Warsaw"
8/1/2013,8,lizzie,China
8/1/2013,2,jdunck,"San Francisco, CA"
8/1/2013,4,jstonne,"Kuala Lumpur, Malaysia"
8/1/2013,8,gibson042,New Hampshire
8/1/2013,1,jordifebrer,Edinburgh
8/1/2013,1,baishuiz,ShangHai
8/1/2013,3,wmh,Taipei / Taiwan
8/1/2013,1,benjamine,"Buenos Aires, Argentina"
8/1/2013,1,jankuca,"Prague, Czech Republic"
7/1/2013,1,SlexAxton,"Austin, TX"
7/1/2013,1,dgalvez,"Amsterdam, Netherlands"
7/1/2013,1,Tomalak,Germany
7/1/2013,1,mwanji,"Mtunzini, South Africa"
7/1/2013,18,mzgol,"Poland, Warsaw"
7/1/2013,1,owt5008137,China
7/1/2013,1,SunghanKim,EU / US / UK / JP / KOREA
7/1/2013,3,chrisprice,Newcastle UK
7/1/2013,1,RafiZilberman,israel
7/1/2013,2,helloyou2012,Shanghai/China
7/1/2013,1,kaelzhang,Shanghai
7/1/2013,1,tkalbitz,Germany
7/1/2013,1,asmogan,Chemnitz
7/1/2013,3,kayahr,"Germany, Bonn"
7/1/2013,2,wwalser,"Sydney, AU"
7/1/2013,1,NikGovorov,"Australia, Gold Coast"
7/1/2013,1,RyanKung,Macau
7/1/2013,8,dmethvin,"Columbia, MD"
7/1/2013,10,shantanusharma,New York
7/1/2013,2,davidtsuji,"Brisbane, Australia"
7/1/2013,1,michaelsanford,"Montréal, Québec, Canada"
7/1/2013,1,steveukx,London
7/1/2013,37,timmywil,"Chattanooga, TN"
7/1/2013,1,drublic,Freiburg / Germany
7/1/2013,1,scostello,Texas
7/1/2013,1,yawboakye,"Accra, Ghana"
7/1/2013,6,joyvuu-dave,"Oakland, CA"
7/1/2013,3,cassell,"Herndon, VA"
7/1/2013,1,TooooBug,"ShenZhen, China"
7/1/2013,1,Craigy-,"Tula, Russia"
7/1/2013,1,lifesinger,"Hangzhou, China"
7/1/2013,5,GerHobbelt,Den Haag (NL)
6/1/2013,2,michaelsanford,"Montréal, Québec, Canada"
6/1/2013,9,b1lly,New York
6/1/2013,1,skalnik,"San Francisco, CA"
6/1/2013,1,malyw,"Limassol, Cyprus"
6/1/2013,1,rwldrn,"Brooklyn, NY"
6/1/2013,8,timmywil,"Chattanooga, TN"
6/1/2013,2,dmethvin,"Columbia, MD"
6/1/2013,1,appleboy,Hsinchu of Taiwan
6/1/2013,3,kayahr,"Germany, Bonn"
6/1/2013,1,niallo,Berkeley
6/1/2013,2,ivernaloo,beijing
6/1/2013,1,GerHobbelt,Den Haag (NL)
6/1/2013,22,mzgol,"Poland, Warsaw"
6/1/2013,1,yawboakye,"Accra, Ghana"
6/1/2013,1,lifesinger,"Hangzhou, China"
6/1/2013,2,ChadKillingsworth,United States
6/1/2013,1,ruado1987,Singapore
6/1/2013,4,cassell,"Herndon, VA"
6/1/2013,2,jstonne,"Kuala Lumpur, Malaysia"
6/1/2013,2,jzaefferer,"Cologne, Germany"
6/1/2013,7,shantanusharma,New York
6/1/2013,4,gibson042,New Hampshire
6/1/2013,5,pbriggs,"Los Angeles, CA"
5/1/2013,26,dmethvin,"Columbia, MD"
5/1/2013,2,michaelsanford,"Montréal, Québec, Canada"
5/1/2013,1,g6scheme,"Belgrade, Serbia"
5/1/2013,12,ctalkington,"Springfield, IL"
5/1/2013,1,ksummerlin,"Greenville, SC"
5/1/2013,1,kelonye,"Nairobi, Kenya"
5/1/2013,7,thetvv,Netherlands
5/1/2013,52,mzgol,"Poland, Warsaw"
5/1/2013,2,eddiemonge,California
5/1/2013,1,fbrix,Berlin
5/1/2013,1,aelharrak,Rabat
5/1/2013,5,J2P,SEOUL
5/1/2013,1,laheab,"Saudi Arabia, Riyadh"
5/1/2013,3,RobLoach,"Toronto, ON"
5/1/2013,14,shantanusharma,New York
5/1/2013,5,GerHobbelt,Den Haag (NL)
5/1/2013,5,shuiniuer,杭州滨江
5/1/2013,2,mmazur,"Warsaw, Poland"
5/1/2013,20,timmywil,"Chattanooga, TN"
5/1/2013,3,gnarf37,"Rockford, IL"
5/1/2013,3,ivernaloo,beijing
5/1/2013,12,ryuever,名古屋
5/1/2013,1,Troland,China
5/1/2013,1,rwldrn,"Brooklyn, NY"
5/1/2013,1,cpatik,"Albany, NY"
5/1/2013,1,2040tensai,Vila Industrial-São Paulo
5/1/2013,1,mackiecarr,"Moncton, NB"
5/1/2013,5,csnover,Minneapolis
5/1/2013,1,okoala,"中国深圳(Shenzhen, China)"
5/1/2013,1,amolpujari,Pune
5/1/2013,1,stralytic,Australia
5/1/2013,2,jaubourg,Europe
5/1/2013,1,lizhenwen,ShenZhen China
5/1/2013,17,gibson042,New Hampshire
4/1/2013,1,PaulinoGomes,Taboão da Serra
4/1/2013,5,cassell,"Herndon, VA"
4/1/2013,1,tracyfloyd,"Myrtle Beach, SC"
4/1/2013,91,mzgol,"Poland, Warsaw"
4/1/2013,8,shantanusharma,New York
4/1/2013,2,dgalvez,"Amsterdam, Netherlands"
4/1/2013,7,joyvuu-dave,"Oakland, CA"
4/1/2013,1,Erabhinav,mohali
4/1/2013,1,ojak,"Los Angeles, CA"
4/1/2013,25,timmywil,"Chattanooga, TN"
4/1/2013,7,sarcher,"Irvine, California"
4/1/2013,40,gibson042,New Hampshire
4/1/2013,6,J2P,SEOUL
4/1/2013,1,gnarf37,"Rockford, IL"
4/1/2013,4,RobLoach,"Toronto, ON"
4/1/2013,5,shantanusharma,"New York, NY"
4/1/2013,2,trevorgerhardt,"Washington, D.C."
4/1/2013,1,sjbwylbs,China
4/1/2013,10,yiminghe,China
4/1/2013,1,Webunity,Eindhoven
4/1/2013,1,dapstr,"Stockholm, Sweden"
4/1/2013,34,dmethvin,"Columbia, MD"
4/1/2013,2,josh,"Chicago, IL"
4/1/2013,2,chaoren1641,China
4/1/2013,1,dolfly,BeiJing
4/1/2013,1,bteller,"Mebane, NC"
4/1/2013,1,kontrabaesser,"Gelsenkirchen, Germany"
4/1/2013,1,OrenAvissar,"Los Angeles, CA"
4/1/2013,17,alewebmaste,São Paulo
4/1/2013,3,michaelsanford,"Montréal, Québec, Canada"
4/1/2013,1,niallo,Berkeley
4/1/2013,18,rwldrn,"Brooklyn, NY"
4/1/2013,1,anthonyshort,"Newcastle, Australia"
4/1/2013,1,diofeher,João Pessoa - PB
4/1/2013,1,lixiaomi,北京
4/1/2013,1,scottgonzalez,"York, PA"
4/1/2013,2,dregad,Switzerland
4/1/2013,2,johnko,Canada
3/1/2013,6,swaydeng,"Hangzhou,China"
3/1/2013,5,muff1225,"Tokyo, Japan"
3/1/2013,1,e0ne,Kharkiv
3/1/2013,1,mstajdohar,Ljubljana
3/1/2013,1,mcgtts,beijing china
3/1/2013,6,dmethvin,"Columbia, MD"
3/1/2013,2,awallace,SF
3/1/2013,4,gluraschi,"Rosario, Argentina"
3/1/2013,5,J2P,SEOUL
3/1/2013,85,mzgol,"Poland, Warsaw"
3/1/2013,1,zhaoda,China
3/1/2013,1,rajzshkr,INDIA
3/1/2013,6,ChadKillingsworth,United States
3/1/2013,1,lholmquist,NY
3/1/2013,1,nathansobo,"Boulder, CO"
3/1/2013,4,lepture,"Hangzhou, China"
3/1/2013,2,joyvuu-dave,"Oakland, CA"
3/1/2013,1,my8bird,"ames, iowa"
3/1/2013,4,lge88,"San Diego, CA"
3/1/2013,1,kazupon,"Kanagawa, Japan"
3/1/2013,3,bjohn465,"Salt Lake City, UT"
3/1/2013,13,swain,HZ. China
3/1/2013,2,laranz,India
3/1/2013,1,stonelee,beijing
3/1/2013,2,kelonye,"Nairobi, Kenya"
3/1/2013,5,ruado1987,Singapore
3/1/2013,1,JamesMGreene,"Minneapolis, MN"
3/1/2013,14,timmywil,"Chattanooga, TN"
3/1/2013,10,rwldrn,"Brooklyn, NY"
3/1/2013,10,gibson042,New Hampshire
3/1/2013,5,shantanusharma,"New York, NY"
3/1/2013,3,tomfuertes,"Austin, TX"
3/1/2013,2,popomore,Hangzhou China
3/1/2013,1,visionmedia,"Victoria, BC, Canada"
3/1/2013,1,RobLoach,"Toronto, ON"
3/1/2013,1,dgalvez,"Amsterdam, Netherlands"
3/1/2013,1,Webunity,Eindhoven
2/1/2013,22,rwldrn,"Brooklyn, NY"
2/1/2013,1,dmitrygusev,"Vladimir City, Russia"
2/1/2013,1,scottgonzalez,"York, PA"
2/1/2013,1,adamRenny,Minnesota
2/1/2013,2,dgalvez,"Amsterdam, Netherlands"
2/1/2013,1,Webunity,Eindhoven
2/1/2013,1,rajzshkr,INDIA
2/1/2013,1,cthiebaud,Germany
2/1/2013,1,sanuter,Belarus
2/1/2013,29,dmethvin,"Columbia, MD"
2/1/2013,5,johnko,Canada
2/1/2013,32,gibson042,New Hampshire
2/1/2013,2,say2joe,"Santa Monica, CA"
2/1/2013,1,s-hiroshi,Japan
2/1/2013,7,siovene,"Espoo, Finland"
2/1/2013,1,bheesham,"Ontario, Canada"
2/1/2013,1,RubyLouvre,China
2/1/2013,1,arwenhawes,"Asheville, NC"
2/1/2013,2,chrisalexander,UK
2/1/2013,3,J2P,SEOUL
2/1/2013,1,Krinkle,"Enschede, The Netherlands"
2/1/2013,1,isaacs,Oakland CA
2/1/2013,3,jaubourg,Europe
2/1/2013,4,GerHobbelt,Den Haag (NL)
2/1/2013,2,timmywil,"Chattanooga, TN"
2/1/2013,2,songsiqi,Beijing
2/1/2013,1,Ax0ne,China
2/1/2013,1,efernie,"Boston, MA"
1/1/2013,4,jsonrms,"Valencia, Spain"
1/1/2013,1,AaronFoltz,"Herndon, Va"
1/1/2013,2,aroemen,"Burnsville, MN"
1/1/2013,1,inforsis,Rio de Janeiro
1/1/2013,3,mhocter,California
1/1/2013,5,sergio-bobillier,"Bogotá DC, Colombia"
1/1/2013,2,isaacs,Oakland CA
1/1/2013,9,J2P,SEOUL
1/1/2013,1,shwetaAgrawal,Delhi
1/1/2013,1,siovene,"Espoo, Finland"
1/1/2013,11,gnarf37,"Rockford, IL"
1/1/2013,21,timmywil,"Chattanooga, TN"
1/1/2013,1,pascalduez,"Berlin, DE"
1/1/2013,6,Webunity,Eindhoven
1/1/2013,4,GerHobbelt,Den Haag (NL)
1/1/2013,1,svallory,Brazil
1/1/2013,1,cgelberg,"New York, NY"
1/1/2013,1,irfan,"Dubai, UAE"
1/1/2013,5,andrewplummer,Tokyo
1/1/2013,1,Golfer,Ukraine
1/1/2013,2,danilsomsikov,"Munich, Germany"
1/1/2013,3,tricknotes,"Sapporo, Japan"
1/1/2013,1,rascalking,"Wakefield, MA"
1/1/2013,13,jaubourg,Europe
1/1/2013,16,johnko,Canada
1/1/2013,1,vincentmac,"Calabasas, CA"
1/1/2013,1,AmazingVanish,"Altoona, IA"
1/1/2013,1,marcelaraujo,Florianópolis/Santa Catarina
1/1/2013,1,petersendidit,"Austin, Texas"
1/1/2013,2,JanMiksovsky,"Seattle, WA"
1/1/2013,2,rajzshkr,INDIA
1/1/2013,4,nanto,"Kyoto, Japan"
1/1/2013,2,silentroach,"Russia, Moscow"
1/1/2013,67,dmethvin,"Columbia, MD"
1/1/2013,1,jbottigliero,"Chicago, IL"
1/1/2013,1,akdetrick,"Brooklyn, NY"
1/1/2013,1,bgarcial,Colombia
1/1/2013,2,ssolomon,England
1/1/2013,1,jamhed,Prague
1/1/2013,2,Krinkle,"Enschede, The Netherlands"
1/1/2013,1,gucong3000,Chengdu
1/1/2013,2,slavafomin,"Moscow, Russia"
1/1/2013,1,Craigy-,"Tula, Russia"
12/1/2012,1,Lecaw,Russia
12/1/2012,1,Homlean,Beijing
12/1/2012,1,johnko,Canada
12/1/2012,1,suomyn,Mars
12/1/2012,2,scottgonzalez,"Raleigh, NC"
12/1/2012,8,PaulBRamos,"Boston, MA"
12/1/2012,1,chshouyu,Beijing
12/1/2012,1,Adduc,"Joliet, IL"
12/1/2012,1,shwetaAgrawal,Delhi
12/1/2012,2,Ralt,"Grenoble, France"
12/1/2012,1,flashdog,poland
12/1/2012,3,isaacs,Oakland CA
12/1/2012,45,dmethvin,"Columbia, MD"
12/1/2012,6,rwldrn,"Boston, MA"
12/1/2012,1,g6scheme,"Belgrade, Serbia"
12/1/2012,1,leoken,"Oakland, CA"
12/1/2012,1,JamesMGreene,"Minneapolis, MN"
12/1/2012,26,rwldrn,"Brooklyn, NY"
12/1/2012,4,jaubourg,Europe
12/1/2012,1,dgalvez,"Amsterdam, Netherlands"
12/1/2012,21,timmywil,"Chattanooga, TN"
12/1/2012,3,Webunity,Eindhoven
12/1/2012,1,razic,San Francisco
12/1/2012,4,buu700,"Washington, DC"
12/1/2012,1,abody,Syria
12/1/2012,10,GerHobbelt,Den Haag (NL)
12/1/2012,2,mmazur,"Warsaw, Poland"
12/1/2012,22,Krinkle,"Enschede, The Netherlands"
12/1/2012,2,anshulp93,Mumbai
11/1/2012,2,scottgonzalez,"Raleigh, NC"
11/1/2012,1,eddiemonge,California
11/1/2012,1,g6scheme,"Belgrade, Serbia"
11/1/2012,1,drewbuschhorn,"Bloomington, IN"
11/1/2012,3,abhinav-srivastav,New Delhi
11/1/2012,2,rvagg,"South Coast NSW, Australia"
11/1/2012,2,leonrodenburg,"Hazerswoude-dorp, the Netherlands"
11/1/2012,2,aFarkas,Berlin
11/1/2012,1,adamnbowen,"St. Louis, MO"
11/1/2012,1,farmdawgnation,"Atlanta, GA"
11/1/2012,7,jaubourg,Europe
11/1/2012,1,angryziber,Estonia
11/1/2012,3,kelonye,"Nairobi, Kenya"
11/1/2012,2,OlegKi,Germany
11/1/2012,10,PaulBRamos,"Boston, MA"
11/1/2012,3,lucasgunn,Australia
11/1/2012,15,gnarf37,"Rockford, IL"
11/1/2012,1,elijahmanor,"Nashville, TN"
11/1/2012,1,hugotom,Lima
11/1/2012,33,dmethvin,"Columbia, MD"
11/1/2012,1,crdx,United Kingdom
11/1/2012,1,shaunxcode,"salt lake city, utah"
11/1/2012,1,NikGovorov,"Australia, Gold Coast"
11/1/2012,1,rwldrn,"Boston, MA"
11/1/2012,1,hevets,Kamloops
11/1/2012,3,GerHobbelt,Den Haag (NL)
11/1/2012,3,Webunity,Eindhoven
11/1/2012,1,netmau5,Alabama
11/1/2012,5,Krinkle,"Enschede, The Netherlands"
11/1/2012,3,lukemelia,"New York, NY"
11/1/2012,1,timmywil,"Chattanooga, TN"
10/1/2012,1,paulirish,San Francisco
10/1/2012,3,jonathansampson,"Atlanta, GA"
10/1/2012,2,leonrodenburg,"Hazerswoude-dorp, the Netherlands"
10/1/2012,9,elgreg,"Washington, DC"
10/1/2012,3,iamnoah,"Austin, TX"
10/1/2012,3,trevorgerhardt,"Washington, D.C."
10/1/2012,43,dmethvin,"Columbia, MD"
10/1/2012,3,visionmedia,"Victoria, BC, Canada"
10/1/2012,1,johnymonster,Alexandria
10/1/2012,1,abronte,San Diego
10/1/2012,1,juliangruber,Munich - Germany
10/1/2012,1,bmelton,"Annapolis, MD"
10/1/2012,1,FrankFang,Wuhan
10/1/2012,1,mkkeck,Germany
10/1/2012,1,yiminghe,China
10/1/2012,1,Webunity,Eindhoven
10/1/2012,1,jessebeach,"Cambridge, MA"
10/1/2012,2,crdx,United Kingdom
10/1/2012,3,farmdawgnation,"Atlanta, GA"
10/1/2012,10,Krinkle,The Netherlands
10/1/2012,5,slavafomin,"Moscow, Russia"
10/1/2012,20,timmywil,"Chattanooga, TN"
10/1/2012,6,abhinav-srivastav,New Delhi
10/1/2012,10,rascalking,"Wakefield, MA"
10/1/2012,17,bentruyman,Chicago
10/1/2012,1,vinu123,"Navi Mumbai, Maharashtra, India"
10/1/2012,1,rkammer,California
10/1/2012,1,tomfuertes,"Austin, TX"
10/1/2012,1,james-huston,"Charlotte, NC"
10/1/2012,10,jaubourg,Europe
10/1/2012,37,rwldrn,"Boston, MA"
10/1/2012,5,erickrdch,"Connecticut, US"
10/1/2012,12,fracmak,"Washington, DC"
10/1/2012,2,gbraad,"Apeldoorn, NL / Beijing, CHN"
10/1/2012,1,leeight,"Shanghai, China"
10/1/2012,1,mmazur,"Warsaw, Poland"
10/1/2012,3,joamag,"Porto, Portugal"
10/1/2012,1,carldanley,"Wellington, FL"
10/1/2012,4,chexee,"San Francisco, CA"
10/1/2012,1,rvock,"Darmstadt, Germany"
10/1/2012,1,bighi,"Rio de Janeiro, Brazil"
10/1/2012,1,treyhunner,"San Diego, CA"
10/1/2012,2,arielserafini,"Porto Alegre, southern Brazil"
10/1/2012,1,Rantanen,Finland
10/1/2012,1,dgalvez,"Amsterdam, Netherlands"
10/1/2012,1,ronchalant,Philadelphia PA
10/1/2012,1,rombert,Romania
9/1/2012,7,rwldrn,"Boston, MA"
9/1/2012,4,abhinav-srivastav,New Delhi
9/1/2012,21,dmethvin,"Columbia, MD"
9/1/2012,1,aelharrak,Rabat
9/1/2012,1,for0231,china
9/1/2012,8,johnbender,"Los Angeles, CA"
9/1/2012,1,jsonrms,"Valencia, Spain"
9/1/2012,1,callumacrae,"Warwickshire, United Kingdom"
9/1/2012,1,skoon,"Seattle, WA"
9/1/2012,10,rvagg,"South Coast NSW, Australia"
9/1/2012,3,onyxrev,"Vancouver, BC"
9/1/2012,2,gasi,"Seattle, USA"
9/1/2012,2,staabm,Germany
9/1/2012,2,replete,"Midlands, United Kingdom"
9/1/2012,2,eikes,Berlin
9/1/2012,1,joyvuu-dave,"Oakland, CA"
9/1/2012,1,aakoch,"Omaha, NE"
9/1/2012,1,Krinkle,The Netherlands
9/1/2012,2,sublee,"Seoul, Korea"
9/1/2012,1,rdtriny,beijing haidian District
9/1/2012,64,paulirish,San Francisco
9/1/2012,9,leonrodenburg,"Hazerswoude-dorp, the Netherlands"
9/1/2012,2,g6scheme,"Belgrade, Serbia"
9/1/2012,10,uttamlavhate,Pune
9/1/2012,1,shahyar,"Toronto, Canada"
9/1/2012,32,timmywil,"Chattanooga, TN"
9/1/2012,8,dgalvez,"Amsterdam, Netherlands"
9/1/2012,1,Craigy-,"Tula, Russia"
9/1/2012,6,mmazur,"Warsaw, Poland"
9/1/2012,1,jaubourg,Europe
8/1/2012,4,mathiasbynens,Belgium
8/1/2012,6,sindresorhus,Norway
8/1/2012,48,leonrodenburg,"Hazerswoude-dorp, the Netherlands"
8/1/2012,2,bteller,"Mebane, NC"
8/1/2012,28,gnarf37,"Rockford, IL"
8/1/2012,4,tomconder,A twisty maze near St Louis MO USA
8/1/2012,10,rwldrn,"Boston, MA"
8/1/2012,2,wwalser,"Sydney, AU"
8/1/2012,4,symsec,Netherlands
8/1/2012,96,timmywil,"Chattanooga, TN"
8/1/2012,20,johnbender,"Los Angeles, CA"
8/1/2012,2,mojomaze,"Chicago, Illinois USA"
8/1/2012,4,terrancebryant,Denver
8/1/2012,8,replete,"Midlands, United Kingdom"
8/1/2012,164,abhinav-srivastav,New Delhi
8/1/2012,12,mekwall,"Uppsala, Sweden"
8/1/2012,2,dtjm,Southern California
8/1/2012,4,aaronj1335,"Austin, Texas"
8/1/2012,4,braddunbar,"lexington, sc"
8/1/2012,6,elijahmanor,"Nashville, TN"
8/1/2012,4,mikaelkaron,Shanghai
8/1/2012,4,Craigy-,"Tula, Russia"
8/1/2012,4,helix,"France, Paris"
8/1/2012,22,dgalvez,"Amsterdam, Netherlands"
8/1/2012,4,jaubourg,Europe
8/1/2012,4,petersendidit,"Durham, NC"
8/1/2012,8,visionmedia,"Victoria, BC, Canada"
8/1/2012,2,my8bird,"ames, iowa"
8/1/2012,130,dmethvin,"Columbia, MD"
8/1/2012,4,g6scheme,"Belgrade, Serbia"
8/1/2012,8,staabm,Germany
7/1/2012,8,RobLoach,"Toronto, ON"
7/1/2012,2,sindresorhus,Norway
7/1/2012,6,aaronj1335,"Austin, Texas"
7/1/2012,2,amizra,MI
7/1/2012,106,dmethvin,"Columbia, MD"
7/1/2012,2,leonrodenburg,"Hazerswoude-dorp, the Netherlands"
7/1/2012,8,mmazur,"Warsaw, Poland"
7/1/2012,176,timmywil,"Chattanooga, TN"
7/1/2012,12,danielchatfield,Great Britain
7/1/2012,2,mikaelkaron,Shanghai
7/1/2012,4,elijahmanor,"Nashville, TN"
7/1/2012,16,rwldrn,"Boston, MA"
7/1/2012,2,ChadKillingsworth,United States
7/1/2012,2,jaubourg,Europe
7/1/2012,4,Craigy-,"Tula, Russia"
7/1/2012,26,gnarf37,"Rockford, IL"
7/1/2012,4,mathiasbynens,Belgium
7/1/2012,16,kayahr,"Germany, Bonn"
7/1/2012,4,viatropos,San Francisco
7/1/2012,2,lucassimon,Belo Horizonte/ Mg
7/1/2012,4,mgreter,Zürich
7/1/2012,2,NikGovorov,"Australia, Gold Coast"
7/1/2012,2,scottgonzalez,"Raleigh, NC"
7/1/2012,2,rtgibbons,"Boulder, CO"
6/1/2012,10,Krinkle,The Netherlands
6/1/2012,13,dantipa,Switzerland
6/1/2012,6,rewish,Osaka.Japan
6/1/2012,3,uhtred,Brazil
6/1/2012,11,gnarf37,"Rockford, IL"
6/1/2012,3,runejuhl,"Copenhagen, Denmark"
6/1/2012,12,jaubourg,Europe
6/1/2012,3,gafelectro,mexico distrito federal
6/1/2012,3,shopclubes,Brazil
6/1/2012,18,jefferyto,Hong Kong
6/1/2012,13,jzaefferer,"Cologne, Germany"
6/1/2012,2,lengarvey,"Sydney, Australia"
6/1/2012,3,kborchers,"Naperville, IL"
6/1/2012,4,alvincrespo,"Boston, MA"
6/1/2012,78,dmethvin,"Columbia, MD"
6/1/2012,2,aaronj1335,"Austin, Texas"
6/1/2012,13,mikaelkaron,Shanghai
6/1/2012,5,scottgonzalez,"Raleigh, NC"
6/1/2012,108,timmywil,"Chattanooga, TN"
6/1/2012,114,rwldrn,"Boston, MA"
6/1/2012,9,thegrandpoobah,Toronto
5/1/2012,99,dmethvin,"Columbia, MD"
5/1/2012,6,treyhunner,"San Diego, CA"
5/1/2012,3,Radagaisus,Tel Aviv
5/1/2012,21,Krinkle,The Netherlands
5/1/2012,12,jzaefferer,"Cologne, Germany"
5/1/2012,3,mariotristan,"Monterrey, Mexico"
5/1/2012,3,ljharb,"Burlingame, CA"
5/1/2012,9,MoonScript,Minneapolis
5/1/2012,3,ScottRadcliff,Perrysburg Ohio
5/1/2012,15,EnosFeedler,San Francisco
5/1/2012,48,rwldrn,"Boston, MA"
5/1/2012,6,hoorayimhelping,"New York, NY"
5/1/2012,6,michalbe,"Warsaw, Poland, Central Europe"
5/1/2012,3,visionmedia,"Victoria, BC, Canada"
5/1/2012,3,cowboy,"Boston, MA"
5/1/2012,9,scottgonzalez,"Raleigh, NC"
5/1/2012,3,sindresorhus,Norway
5/1/2012,6,terrancebryant,Denver
5/1/2012,117,timmywil,"Chattanooga, TN"
5/1/2012,12,mikaelkaron,Shanghai
5/1/2012,30,jaubourg,Europe
5/1/2012,3,bountin,"Vienna, Austria"
5/1/2012,33,gnarf37,"Rockford, IL"
5/1/2012,3,najamkhn,Dubai
5/1/2012,15,farmdawgnation,"Atlanta, GA"
5/1/2012,3,pplaquette,"Montpellier, France"
4/1/2012,3,redaemn,"Trieste, Italy"
4/1/2012,111,gnarf37,"Rockford, IL"
4/1/2012,45,rwldrn,"Boston, MA"
4/1/2012,6,wycats,San Francisco
4/1/2012,3,shahyar,"Toronto, Canada"
4/1/2012,3,imsky,Indianapolis
4/1/2012,3,flowersinthesand,South Korea
4/1/2012,3,mikaelkaron,Shanghai
4/1/2012,36,jaubourg,Europe
4/1/2012,18,oleg-kipling,St.Petesburg
4/1/2012,9,bertrandcedric,Paris
4/1/2012,3,applezqp,Hangzhou Zhejiang China
4/1/2012,6,datag,Germany
4/1/2012,3,jbt,"London, UK"
4/1/2012,3,jsonrms,"Valencia, Spain"
4/1/2012,3,pixelpony,"New York, NY"
4/1/2012,3,subzey,"Rostov-on-Don, Russia"
4/1/2012,3,kgn,"Irvine, CA"
4/1/2012,9,rewish,Osaka.Japan
4/1/2012,78,dmethvin,"Columbia, MD"
4/1/2012,51,ChadKillingsworth,United States
4/1/2012,3,Krinkle,The Netherlands
3/1/2012,9,bertrandcedric,Paris
3/1/2012,21,rwldrn,"Boston, MA"
3/1/2012,36,dmethvin,"Columbia, MD"
3/1/2012,6,ao5357,"Canton, MI"
3/1/2012,3,frietz,PH
3/1/2012,3,BigBlueHat,"Upstate South Carolina, USA"
3/1/2012,6,Stasonix,Odessa
3/1/2012,3,bcurren,"San Jose, CA"
3/1/2012,9,timmywil,"Chattanooga, TN"
3/1/2012,3,rhowlett,"Boulder, CO"
3/1/2012,3,sindresorhus,Norway