month,pushes,actor,actor_attributes_location,lat,lng
8/1/2014,6,chrisdickinson,"Portland, OR",45.5202471,-122.6741949
8/1/2014,5,tianon,::1,22.3511148,78.6677428
8/1/2014,1,shigeki,"Tokyo, Japan",35.69004135,139.5103951
8/1/2014,1,shdummy,"Seattle, WA",47.6038321,-122.3300624
8/1/2014,2,rvagg,"South Coast NSW, Australia",-33.9912225,151.2497988
8/1/2014,1,sam-github,"Vancouver, BC, Canada",49.2608944,-123.1139383
8/1/2014,1,floverdevel,"Plan��te Terre, Voie Lact��e",,
8/1/2014,1,prajitdas,"Baltimore, MD",39.2908608,-76.6108073
8/1/2014,6,mmalecki,"Amsterdam, Netherlands",52.3710088,4.9001115
8/1/2014,1,cjihrig,"Pittsburgh, PA",40.4416941,-79.9900861
8/1/2014,1,kevinsimper,Denmark,55.670249,10.3333283
8/1/2014,2,sudodoki,Kyiv,50.4499875,30.5234937
8/1/2014,1,Ferrari,Taiwan,24.7910087,121.533556
8/1/2014,6,loyd,Moscow,55.4792046,37.3273304
8/1/2014,9,refack,"Tel-Aviv, Israel",32.0804808,34.7805274
8/1/2014,1,outsideris,"Seoul, South Korea",37.5710824,126.9953036
8/1/2014,2,evanlucas,"Hattiesburg, MS",31.3271189,-89.2903392
8/1/2014,1,shama,"Napa, CA",38.2971367,-122.2855293
8/1/2014,19,indutny,Russia,64.6863136,97.7453061
8/1/2014,2,zootella,sf | boulder | nyc | stockholm,,
8/1/2014,2,fengmk2,"Hangzhou, China",30.2665643,120.149335
8/1/2014,13,seishun,Riga,56.97166385,24.16659513
8/1/2014,1,chencl,������,,
8/1/2014,20,CraZySacX,"Maineville,OH",39.3150592,-84.2207697
8/1/2014,1,gumpcha,Korea,40.3123959,127.399971
8/1/2014,1,bminer,USA,39.7837304,-100.4458825
8/1/2014,1,john-yan,"Toronto,ON",43.6529206,-79.3849008
8/1/2014,2,thlorenz,"New York ,NY",40.7305991,-73.9865812
8/1/2014,1,luciotato,"Buenos Aires, Argentina",-34.612869,-58.4459789
8/1/2014,1,kpdecker,"Chicago, IL",41.8756208,-87.6243706
8/1/2014,1,mathiasbynens,Belgium,50.6407351,4.66696
8/1/2014,14,allanscullion,"London, UK",51.5072759,-0.1276597
8/1/2014,1,needforspeed,NJ,40.0757384,-74.4041622
8/1/2014,38,misterdjules,Vancouver,49.2608944,-123.1139383
8/1/2014,1,andrewrk,"Phoenix, Arizona",33.4483772,-112.0740374
8/1/2014,28,trevnorris,"Cupertino, CA",37.3230107,-122.0322519
8/1/2014,9,majimboo,"Cebu, Philippines",10.45,123.84
8/1/2014,2,richardxx,Hong Kong,22.2793278,114.1628131
8/1/2014,10,JacksonTian,"Hangzhou, China",30.2665643,120.149335
8/1/2014,3,zcbenz,"Beijing, China",40.2505379,116.6250886
8/1/2014,1,warseph,"Buenos Aires, Argentina",-34.612869,-58.4459789
8/1/2014,19,tjfontaine,"Alameda, CA",37.6090291,-121.899142
8/1/2014,9,bnoordhuis,"Gouda, the Netherlands",52.0114927,4.7106063
8/1/2014,3,srl295,"San Jos��, CA, USA",,
8/1/2014,2,fiveisprime,"Cincinnati, OH",39.1014537,-84.5124602
7/1/2014,1,buth,"Brooklyn, NY",40.6501038,-73.9495823
7/1/2014,23,srl295,"San Jos��, CA, USA",,
7/1/2014,2,oppenlander,"Cincinnati, OH",39.1014537,-84.5124602
7/1/2014,1,VonC,France,46.603354,1.8883335
7/1/2014,2,bnoordhuis,"Gouda, the Netherlands",52.0114927,4.7106063
7/1/2014,1,inthecloud247,San Francisco Bay Area,37.7884969,-122.3558473
7/1/2014,1,bminer,USA,39.7837304,-100.4458825
7/1/2014,2,robertkowalski,"Hamburg, Germany",53.5437641,10.0099133
7/1/2014,1,kode4food,"Berlin, Germany",52.5170365,13.3888599
7/1/2014,3,mmalecki,"Amsterdam, Netherlands",52.3710088,4.9001115
7/1/2014,7,txdv,Aachen,50.7762954,6.0838209
7/1/2014,17,zootella,mountain view | boulder | nyc | stockholm,,
7/1/2014,1,gesellix,Germany,51.0834196,10.4234469
7/1/2014,2,zootella,sf | boulder | nyc | stockholm,,
7/1/2014,3,floverdevel,"Plan��te Terre, Voie Lact��e",,
7/1/2014,1,richardxx,Hong Kong,22.2793278,114.1628131
7/1/2014,1,sudodoki,Kyiv,50.4499875,30.5234937
7/1/2014,3,zcbenz,"Beijing, China",40.2505379,116.6250886
7/1/2014,2,benjamincburns,"Christchurch, New Zealand",-43.530955,172.6366455
7/1/2014,12,trevnorris,"Cupertino, CA",37.3230107,-122.0322519
7/1/2014,61,indutny,Russia,64.6863136,97.7453061
7/1/2014,2,MauriceButler,"Brisbane, Australia",-27.4689682,153.0234991
7/1/2014,1,GuimDev,France,46.603354,1.8883335
7/1/2014,1,evanlucas,"Hattiesburg, MS",31.3271189,-89.2903392
7/1/2014,1,stolsma,The Netherlands,25.22453785,55.16235379
7/1/2014,1,crhallberg,"Drexel Hill, PA",39.9483195,-75.30691753
7/1/2014,10,rmg,"Langley, BC, Canada",49.1,-122.65
7/1/2014,2,knownasilya,"Boston, MA",42.3604823,-71.0595678
7/1/2014,48,CraZySacX,"Maineville,OH",39.3150592,-84.2207697
7/1/2014,8,sam-github,"Vancouver, BC, Canada",49.2608944,-123.1139383
7/1/2014,1,pitcha,"Bangkok, Thailand",13.5859271,100.416084
7/1/2014,2,fdgonthier,Sherbrooke,45.4029964,-71.887681
7/1/2014,3,Elzair,"Charlotte, NC",35.2270869,-80.8431268
7/1/2014,9,chrisdickinson,"Portland, OR",45.5202471,-122.6741949
7/1/2014,8,tjfontaine,"Alameda, CA",37.6090291,-121.899142
7/1/2014,4,fitzage,"Tucson, AZ",32.2217429,-110.926479
7/1/2014,3,joeloria,"Brooklyn, NY",40.6501038,-73.9495823
7/1/2014,1,othiym23,San Francisco,37.7789601,-122.419199
7/1/2014,2,huyvlam,"San Jose, CA",37.3438502,-121.8831349
7/1/2014,1,rskwiat,New York,40.7305991,-73.9865812
7/1/2014,14,averted,"Toronto, Canada",43.6529206,-79.3849008
7/1/2014,4,JacksonTian,"Hangzhou, China",30.2665643,120.149335
7/1/2014,1,NaniCser,https://github.com/settings/profile,,
7/1/2014,3,deanm,"Berlin, Germany",52.5170365,13.3888599
7/1/2014,1,TooTallNate,"San Rafael, CA",37.9735346,-122.5310874
7/1/2014,1,ghmlee,Seoul,37.5710824,126.9953036
7/1/2014,5,blazs,"Ljubljana, Slovenia",46.049865,14.5068921
7/1/2014,1,RockLi,"Beijing, China",40.2505379,116.6250886
7/1/2014,1,cb1kenobi,"Santa Clara, CA",37.2333253,-121.6846349
7/1/2014,7,miukki,Shanghai,31.2253441,121.4888922
7/1/2014,1,bahamas10,"Buffalo, NY",42.8864468,-78.8783689
7/1/2014,6,misterdjules,Vancouver,49.2608944,-123.1139383
7/1/2014,3,chefscott,California,36.7014631,-118.7559974
7/1/2014,1,3rd-Eden,"Drachten, the Netherlands",53.1031017,6.0985626
7/1/2014,5,john-yan,"Toronto,ON",43.6529206,-79.3849008
7/1/2014,19,misterdjules,Montr��al,,
7/1/2014,2,edhemphill,"Austin, TX",30.2711286,-97.7436995
7/1/2014,1,skeggse,"Portland, Oregon",45.5202471,-122.6741949
7/1/2014,11,tim-smart,New Zealand,-41.3116998,174.9746507
7/1/2014,1,oconnore,"Boston, MA",42.3604823,-71.0595678
7/1/2014,1,luciotato,"Buenos Aires, Argentina",-34.612869,-58.4459789
6/1/2014,3,eddaddy,"Silicon Valley, CA",49.1792735,-0.3945668094
6/1/2014,2,shigeki,"Tokyo, Japan",35.69004135,139.5103951
6/1/2014,3,bnoordhuis,"Gouda, the Netherlands",52.0114927,4.7106063
6/1/2014,2,tharindu96,"Galle, Sri Lanka",6.0338199,80.2164409
6/1/2014,2,spolu,San Francisco,37.7789601,-122.419199
6/1/2014,5,droolingsheep,"San Francisco, CA",37.7789601,-122.419199
6/1/2014,1,RaymondYe,Shenzhen China,22.5462321,114.0570068
6/1/2014,1,fitzage,"Tucson, AZ",32.2217429,-110.926479
6/1/2014,2,Elzair,"Charlotte, NC",35.2270869,-80.8431268
6/1/2014,1,floverdevel,"Plan��te Terre, Voie Lact��e",,
6/1/2014,2,brettpappas,United States,39.7837304,-100.4458825
6/1/2014,1,mtbrandy,"Austin, TX",30.2711286,-97.7436995
6/1/2014,1,skeggse,"Portland, Oregon",45.5202471,-122.6741949
6/1/2014,4,rogerwang,"Shanghai, China",31.2253441,121.4888922
6/1/2014,1,rmg,"Langley, BC, Canada",49.1,-122.65
6/1/2014,2,sofo-ryanm,"Madison, WI",43.074761,-89.3837613
6/1/2014,15,chrisdickinson,"Portland, OR",45.5202471,-122.6741949
6/1/2014,1,mrfabbri,"Cesenatico, Italy",44.2011897,12.4006894
6/1/2014,1,Sannis,"Moscow, Russia",55.4792046,37.3273304
6/1/2014,3,yorkie,"Guiyang, China",26.5814112,106.7052544
6/1/2014,1,evanlucas,"Hattiesburg, MS",31.3271189,-89.2903392
6/1/2014,2,glasser,"San Francisco, CA",37.7789601,-122.419199
6/1/2014,5,zcbenz,"Beijing, China",40.2505379,116.6250886
6/1/2014,2,isaacs,Oakland CA,37.8043808,-122.2708166
6/1/2014,4,jgillich,Germany,51.0834196,10.4234469
6/1/2014,1,smilce,"beijing,china",40.2505379,116.6250886
6/1/2014,1,shantanusharma,New York,40.7305991,-73.9865812
6/1/2014,1,skabbes,San Francisco,37.7789601,-122.419199
6/1/2014,3,tianon,::1,22.3511148,78.6677428
6/1/2014,5,julianceballos,Mexico City,19.4325301,-99.1332102
6/1/2014,15,tjfontaine,"Alameda, CA",37.6090291,-121.899142
6/1/2014,24,srl295,"San Jos��, CA, USA",,
6/1/2014,35,CraZySacX,"Maineville,OH",39.3150592,-84.2207697
6/1/2014,1,tonylukasavage,Pittsburgh PA,40.4416941,-79.9900861
6/1/2014,34,indutny,Russia,64.6863136,97.7453061
6/1/2014,5,mscdex,Ohio,40.2253569,-82.6881395
6/1/2014,1,watilde,Tokyo,35.69004135,139.5103951
6/1/2014,2,coderhaoxin,"Hangzhou,China",30.2665643,120.149335
6/1/2014,1,FredKSchott,BOS > SF,37.75951515,-122.456087
6/1/2014,11,trevnorris,"Cupertino, CA",37.3230107,-122.0322519
6/1/2014,4,zootella,mountain view | boulder | nyc | stockholm,,
6/1/2014,2,miukki,Shanghai,31.2253441,121.4888922
6/1/2014,1,reem,"San Francisco, CA",37.7789601,-122.419199
6/1/2014,1,stamhe,"Shanghai,China",31.2253441,121.4888922
6/1/2014,3,kenanyildiz,Istanbul,41.0096334,28.9651646
6/1/2014,2,saghul,"Amsterdam, NL",52.3710088,4.9001115
6/1/2014,2,bahamas10,"Buffalo, NY",42.8864468,-78.8783689
6/1/2014,1,Schmoopiie,"Quebec, Canada",54,-72
5/1/2014,5,bsnote,Chisinau,47.0122737,28.8605936
5/1/2014,8,yorkie,"Beijing, China",40.2505379,116.6250886
5/1/2014,18,refack,"Tel-Aviv, Israel",32.0804808,34.7805274
5/1/2014,1,cb1kenobi,"Santa Clara, CA",37.2333253,-121.6846349
5/1/2014,3,floverdevel,"Plan��te Terre, Voie Lact��e",,
5/1/2014,1,feross,"Mountain View, CA",37.3855745,-122.08205
5/1/2014,4,calvinmetcalf,Boston,42.3604823,-71.0595678
5/1/2014,5,yorkie,"Guiyang, China",26.5814112,106.7052544
5/1/2014,2,MichaelTSS,San Francisco,37.7789601,-122.419199
5/1/2014,2,proppy,San Francisco,37.7789601,-122.419199
5/1/2014,6,rmg,"Langley, BC, Canada",49.1,-122.65
5/1/2014,27,indutny,Russia,64.6863136,97.7453061
5/1/2014,2,zhm,"St. Petersburg, FL",27.7708606,-82.6792661
5/1/2014,1,javihernandez,"Brussels, Belgium",50.8465406,4.3516841
5/1/2014,4,zerhacken,Copenhagen,55.6867243,12.5700724
5/1/2014,1,kapouer,"Champagn�� Saint Hilaire, France",,
5/1/2014,1,hustxiaoc,������������,,
5/1/2014,6,seishun,Riga,56.97166385,24.16659513
5/1/2014,4,piscisaureus,Amsterdam,52.3710088,4.9001115
5/1/2014,4,RaymondYe,Shenzhen China,22.5462321,114.0570068
5/1/2014,1,shivamadhavan,Singapore,1.2904527,103.852038
5/1/2014,2,zcbenz,"Beijing, China",40.2505379,116.6250886
5/1/2014,5,leexiaosi,beijing,40.2505379,116.6250886
5/1/2014,21,trevnorris,"Cupertino, CA",37.3230107,-122.0322519
5/1/2014,33,tjfontaine,"Alameda, CA",37.6090291,-121.899142
5/1/2014,2,markstos,"Bloomington, Indiana, USA",39.1670396,-86.5342881
5/1/2014,1,mscdex,Ohio,40.2253569,-82.6881395
5/1/2014,51,CraZySacX,"Maineville,OH",39.3150592,-84.2207697
5/1/2014,2,kpdecker,"Chicago, IL",41.8756208,-87.6243706
5/1/2014,1,juliangruber,Kaufbeuren,47.8803788,10.622246
5/1/2014,1,kennyluck,"Hangzhou, China",30.2665643,120.149335
5/1/2014,4,rigorojas,"Diamond Bar, Ca",34.0286226,-117.8103367
5/1/2014,1,mtbrandy,"Austin, TX",30.2711286,-97.7436995
5/1/2014,1,edmorley,"London, UK",51.5072759,-0.1276597
5/1/2014,1,michaelkebe,Germany,51.0834196,10.4234469
5/1/2014,1,mattonem,Lille (France),50.6305089,3.0706414
5/1/2014,6,jannishuebl,Vilsbiburg/Karlsruhe Germany,,
5/1/2014,3,ryancole,"Austin, TX",30.2711286,-97.7436995
5/1/2014,2,dstence,"Austin, TX",30.2711286,-97.7436995
5/1/2014,1,zootella,mountain view | boulder | nyc | stockholm,,
5/1/2014,1,tiimgreen,"Leeds, UK",53.7974185,-1.5437941
5/1/2014,1,rogerwang,"Shanghai, China",31.2253441,121.4888922
5/1/2014,11,rskwiat,New York,40.7305991,-73.9865812
5/1/2014,1,petteraas,Oslo,59.9132694,10.7391112
5/1/2014,2,shantanusharma,New York,40.7305991,-73.9865812
5/1/2014,4,tianon,::1,22.3511148,78.6677428
5/1/2014,1,ontouchstart,NYC,40.7305991,-73.9865812
5/1/2014,1,ritch,"Fremont, California",37.5482697,-121.9885719
5/1/2014,2,shigeki,"Tokyo, Japan",35.69004135,139.5103951
5/1/2014,3,loubatt,Indonesia,-4.7993356,114.5632032
5/1/2014,1,stites,Sam Fransisco,,
5/1/2014,1,apaprocki,"New York, NY",40.7305991,-73.9865812
5/1/2014,3,Alex7Kom,"Russia, Kurgan",55.4543487,65.3218732
5/1/2014,4,tmathews,"Vancouver, BC",49.2608944,-123.1139383
5/1/2014,5,EngineeringMode,San Francisco,37.7789601,-122.419199
5/1/2014,3,john-yan,"Toronto,ON",43.6529206,-79.3849008
5/1/2014,11,Luxelin,"Miami, Florida",25.7742658,-80.1936589
5/1/2014,7,srl295,"San Jos��, CA, USA",,
5/1/2014,4,isaacs,Oakland CA,37.8043808,-122.2708166
5/1/2014,1,thongredweb,Viet Nam,13.2904027,108.4265113
5/1/2014,10,raymondfeng,"Fremont, CA",37.5482697,-121.9885719
5/1/2014,2,piranna,"Alcorc��n, Madrid, Spain",,
5/1/2014,20,bnoordhuis,"Gouda, the Netherlands",52.0114927,4.7106063
5/1/2014,8,kenanyildiz,Istanbul,41.0096334,28.9651646
4/1/2014,5,koichik,Japan,36.5748441,139.2394179
4/1/2014,3,shantanusharma,New York,40.7305991,-73.9865812
4/1/2014,1,EngineeringMode,San Francisco,37.7789601,-122.419199
4/1/2014,1,mscdex,Ohio,40.2253569,-82.6881395
4/1/2014,6,gaoli,"hangzhou,china",30.2665643,120.149335
4/1/2014,1,thongredweb,Viet Nam,13.2904027,108.4265113
4/1/2014,1,dominictarr,New Zealand,-41.3116998,174.9746507
4/1/2014,9,bsmr,"N��rnberg, Germany",,
4/1/2014,6,srl295,"San Jos��, CA, USA",,
4/1/2014,1,hnaik,"Chicago, IL",41.8756208,-87.6243706
4/1/2014,7,classfellow,Beijing.China,40.2505379,116.6250886
4/1/2014,38,CraZySacX,"Maineville,OH",39.3150592,-84.2207697
4/1/2014,3,roryrjb,"Ashford, Kent, UK",51.148555,0.8722566
4/1/2014,7,tjfontaine,"Alameda, CA",37.6090291,-121.899142
4/1/2014,23,trevnorris,"Cupertino, CA",37.3230107,-122.0322519
4/1/2014,5,fengmk2,"Hangzhou, China",30.2665643,120.149335
4/1/2014,2,cpradog,Madrid,40.5248319,-3.771562775
4/1/2014,4,spolu,San Francisco,37.7789601,-122.419199
4/1/2014,13,dennisme,New York,40.7305991,-73.9865812
4/1/2014,3,denzp,"Ukraine, Zaporozhie",47.8598576,35.1097643
4/1/2014,1,rmg,"Langley, BC, Canada",49.1,-122.65
4/1/2014,48,indutny,Russia,64.6863136,97.7453061
4/1/2014,1,sandinmyjoints,DC,38.8937154,-76.98779356
4/1/2014,5,EvanCarroll,"Houston, TX",29.9682672,-95.53066001
4/1/2014,6,mtbrandy,"Austin, TX",30.2711286,-97.7436995
4/1/2014,6,RaymondYe,China GuangZhou,23.1229013,113.2529963
4/1/2014,5,roryrjb,"Kent, UK",51.2474823,0.7105077
4/1/2014,1,tonistiigi,Tallinn EST,,
4/1/2014,1,glasser,"San Francisco, CA",37.7789601,-122.419199
4/1/2014,4,zootella,mountain view | boulder | nyc | stockholm,,
4/1/2014,2,chencl,������,,
4/1/2014,3,refack,"Tel-Aviv, Israel",32.0804808,34.7805274
4/1/2014,1,dandv,Silicon Valley,49.1792735,-0.3945668094
4/1/2014,1,seanmonstar,"Orange County, California",33.7213739,-117.7903245
4/1/2014,1,jjayyoung,United States,39.7837304,-100.4458825
4/1/2014,13,seishun,Riga,56.97166385,24.16659513
4/1/2014,3,watilde,Tokyo,35.69004135,139.5103951
4/1/2014,3,xionglun,"Beijing, China",40.2505379,116.6250886
4/1/2014,1,shigeki,"Tokyo, Japan",35.69004135,139.5103951
4/1/2014,2,pzduniak,"����d��, Poland",,
4/1/2014,1,tcauduro,Canada,61.0666922,-107.9917071
4/1/2014,1,othiym23,San Francisco,37.7789601,-122.419199
4/1/2014,1,mjijackson,California,36.7014631,-118.7559974
4/1/2014,2,cesare,"Tokyo, Japan",35.69004135,139.5103951
4/1/2014,1,isaacs,Oakland CA,37.8043808,-122.2708166
4/1/2014,2,Qix-,"Boise, Idaho",43.615046,-116.2044429
4/1/2014,1,medikoo,"Warsaw, Poland",52.2319237,21.0067265
4/1/2014,1,ioncreature,"Russia, Saint-Petersburg",59.9393657,30.3153628
4/1/2014,2,zerhacken,Copenhagen,55.6867243,12.5700724
4/1/2014,6,ryancole,"Austin, TX",30.2711286,-97.7436995
4/1/2014,2,Luxelin,"Miami, Florida",25.7742658,-80.1936589
4/1/2014,1,bradyhouse,Chicago,41.8756208,-87.6243706
4/1/2014,1,adrianlang,Berlin,52.5170365,13.3888599
4/1/2014,4,vkurchatkin,Moscow,55.4792046,37.3273304
4/1/2014,1,evanlucas,"Hattiesburg, MS",31.3271189,-89.2903392
4/1/2014,1,yorkie,"Beijing, China",40.2505379,116.6250886
4/1/2014,2,yosuke-furukawa,Japan,36.5748441,139.2394179
4/1/2014,1,alexpts,Ukraine,49.4871968,31.2718321
4/1/2014,2,jannishuebl,Vilsbiburg/Karlsruhe Germany,,
4/1/2014,1,mjibson,"New York, NY",40.7305991,-73.9865812
4/1/2014,1,jarrettch,"Los Angeles, CA",34.0536781,-118.2427025
4/1/2014,1,F03SD,London,51.5072759,-0.1276597
4/1/2014,10,bnoordhuis,"Gouda, the Netherlands",52.0114927,4.7106063
4/1/2014,2,ontouchstart,NYC,40.7305991,-73.9865812
3/1/2014,2,rmg,"Langley, BC, Canada",49.1,-122.65
3/1/2014,2,muhammadn,"Kota Bharu, Kelantan",,
3/1/2014,1,jxson,Los Angeles/SF South Bay,,
3/1/2014,38,indutny,Russia,64.6863136,97.7453061
3/1/2014,3,yorkie,"Beijing, China",40.2505379,116.6250886
3/1/2014,1,nitroduna,"Madrid, Spain",40.5248319,-3.771562775
3/1/2014,1,lfortin,"Montr��al, Qc, Canada",,
3/1/2014,5,yuanphoon,London,51.5072759,-0.1276597
3/1/2014,2,IonicaBizau,Romania,45.9852129,24.6859225
3/1/2014,2,dominictarr,New Zealand,-41.3116998,174.9746507
3/1/2014,34,trevnorris,"Cupertino, CA",37.3230107,-122.0322519
3/1/2014,1,Akheon23,"Brooklyn, New York",40.6501038,-73.9495823
3/1/2014,11,bnoordhuis,"Gouda, the Netherlands",52.0114927,4.7106063
3/1/2014,1,othiym23,San Francisco,37.7789601,-122.419199
3/1/2014,14,bmeck,"Austin, Texas",30.2711286,-97.7436995
3/1/2014,4,TooTallNate,"San Rafael, CA",37.9735346,-122.5310874
3/1/2014,1,wallunit,"D��sseldorf, Germany",,
3/1/2014,5,saghul,"Amsterdam, NL",52.3710088,4.9001115
3/1/2014,11,bsmr,"N��rnberg, Germany",,
3/1/2014,4,seanmonstar,"Orange County, California",33.7213739,-117.7903245
3/1/2014,2,isaacs,Oakland CA,37.8043808,-122.2708166
3/1/2014,4,seishun,Riga,56.97166385,24.16659513
3/1/2014,5,cscott,"Boston, MA",42.3604823,-71.0595678
3/1/2014,2,shantanusharma,New York,40.7305991,-73.9865812
3/1/2014,5,ssuda,Bangalore,12.9793998,77.5903608
3/1/2014,3,evanlucas,"Hattiesburg, MS",31.3271189,-89.2903392
3/1/2014,1,Grendel2501,"San Jose, CA",37.3438502,-121.8831349
3/1/2014,2,vkurchatkin,Moscow,55.4792046,37.3273304
3/1/2014,1,Sannis,"Moscow, Russia",55.4792046,37.3273304
3/1/2014,2,xionglun,"Beijing, China",40.2505379,116.6250886
3/1/2014,3,zerhacken,Copenhagen,55.6867243,12.5700724
3/1/2014,1,bajtos,Hradec Kr��lov��,,
3/1/2014,1,javihernandez,"Brussels, Belgium",50.8465406,4.3516841
3/1/2014,1,yugangw-msft,"Redmond,WA",47.6694141,-122.1238767
3/1/2014,4,gaoli,"hangzhou,china",30.2665643,120.149335
3/1/2014,5,Swaagie,Groningen,53.2190692,6.5680421
3/1/2014,1,zbinlin,china,35.000074,104.999927
3/1/2014,1,rvagg,"South Coast NSW, Australia",-33.9912225,151.2497988
3/1/2014,2,Bacra,"Guangzhou, China",23.1229013,113.2529963
3/1/2014,1,nchinan,London,51.5072759,-0.1276597
3/1/2014,1,shuhei,"Tokyo, Japan",35.69004135,139.5103951
3/1/2014,1,emas80,Milano,45.4666211,9.1906166
3/1/2014,2,adammw,"Melbourne, Australia",-37.8142176,144.9631608
3/1/2014,2,mtbrandy,"Austin, TX",30.2711286,-97.7436995
3/1/2014,1,watilde,Tokyo,35.69004135,139.5103951
3/1/2014,2,fb55,Berlin,52.5170365,13.3888599
3/1/2014,13,tcauduro,Canada,61.0666922,-107.9917071
3/1/2014,1,stevengill,San Francisco,37.7789601,-122.419199
3/1/2014,1,geon,Sweden,59.6749712,14.5208584
3/1/2014,30,tjfontaine,"Alameda, CA",37.6090291,-121.899142
3/1/2014,2,mscdex,Ohio,40.2253569,-82.6881395
3/1/2014,1,samt,"Sacramento, CA",38.4732259,-121.2980707
3/1/2014,24,CraZySacX,"Maineville,OH",39.3150592,-84.2207697
3/1/2014,8,euoia,"Montreal, Canada",45.5224507,-73.5912827
2/1/2014,1,richelite,San Jose,37.3438502,-121.8831349
2/1/2014,3,Sannis,"Moscow, Russia",55.4792046,37.3273304
2/1/2014,1,watilde,Tokyo,35.69004135,139.5103951
2/1/2014,7,dawicorti,"Paris, France",48.8565056,2.3521334
2/1/2014,1,Benjamin-Waters,"Toronto, ON",43.6529206,-79.3849008
2/1/2014,1,karlfreeman,"London, United Kingdom",51.5072759,-0.1276597
2/1/2014,1,thinkgareth,12 Hours From Anywhere,,
2/1/2014,1,davestone,Itinerant.,43.8455524,6.510761
2/1/2014,2,nitroduna,"Madrid, Spain",40.5248319,-3.771562775
2/1/2014,51,CraZySacX,"Maineville,OH",39.3150592,-84.2207697
2/1/2014,7,mscdex,Ohio,40.2253569,-82.6881395
2/1/2014,6,yorkie,"Beijing, China",40.2505379,116.6250886
2/1/2014,1,pzduniak,"����d��, Poland",,
2/1/2014,1,xionglun,"Beijing, China",40.2505379,116.6250886
2/1/2014,3,mquandalle,"Paris, France",48.8565056,2.3521334
2/1/2014,13,vitorvigano,Brazil,-8.4666145,-51.3333976
2/1/2014,1,floverdevel,"Plan��te Terre, Voie Lact��e",,
2/1/2014,6,alFReD-NSH,Kuala Lumpur,3.13871025,101.6820995
2/1/2014,4,dstence,"Austin, TX",30.2711286,-97.7436995
2/1/2014,10,KenanSulayman,"Berlin, Berlin, Germany",52.5170365,13.3888599
2/1/2014,79,tjfontaine,"Alameda, CA",37.6090291,-121.899142
2/1/2014,7,tracend,California (US),36.7014631,-118.7559974
2/1/2014,1,startswithaj,"Brisbane, Australia",-27.4689682,153.0234991
2/1/2014,8,danilo0792,S��o Paulo,,
2/1/2014,1,tmathews,"Vancouver, BC",49.2608944,-123.1139383
2/1/2014,1,cshimmin,"Irvine, CA",33.6862707,-117.8258199
2/1/2014,1,nemtsov,New Jersey,40.0757384,-74.4041622
2/1/2014,1,Benjamin-Waters,"Toronto, Ontario",43.6529206,-79.3849008
2/1/2014,1,paulomcnally,Nicaragua,12.3724928,-84.8700308
2/1/2014,8,shantanusharma,New York,40.7305991,-73.9865812
2/1/2014,3,euoia,"Montreal, Canada",45.5224507,-73.5912827
2/1/2014,1,outsideris,"Seoul, South Korea",37.5710824,126.9953036
2/1/2014,2,dax,Paris,48.8565056,2.3521334
2/1/2014,2,Elzair,"Charlotte, NC",35.2270869,-80.8431268
2/1/2014,24,bsmr,"N��rnberg, Germany",,
2/1/2014,64,indutny,Russia,64.6863136,97.7453061
2/1/2014,4,shigeki,"Tokyo, Japan",35.69004135,139.5103951
2/1/2014,6,TooTallNate,"San Rafael, CA",37.9735346,-122.5310874
2/1/2014,34,trevnorris,"Cupertino, CA",37.3230107,-122.0322519
2/1/2014,1,makepanic,Germany,51.0834196,10.4234469
2/1/2014,11,tcauduro,Canada,61.0666922,-107.9917071
2/1/2014,19,mtbrandy,"Austin, TX",30.2711286,-97.7436995
2/1/2014,2,mcculloughsean,"San Francisco, CA",37.7789601,-122.419199
2/1/2014,2,tmathews,Vancouver,49.2608944,-123.1139383
2/1/2014,2,sam-github,"Vancouver, BC, Canada",49.2608944,-123.1139383
2/1/2014,4,maxtaco,"NY, NY",43.1561681,-75.8449946
2/1/2014,3,eleanorz,Seattle,47.6038321,-122.3300624
2/1/2014,2,saghul,"Amsterdam, NL",52.3710088,4.9001115
2/1/2014,2,piscisaureus,Amsterdam,52.3710088,4.9001115
2/1/2014,1,medikoo,"Warsaw, Poland",52.2319237,21.0067265
2/1/2014,2,seannicholls,"Dublin, Ireland",53.3494299,-6.2600969
2/1/2014,4,rmg,"Langley, BC, Canada",49.1,-122.65
2/1/2014,1,chencl,������,,
2/1/2014,60,gaoli,"hangzhou,china",30.2665643,120.149335
2/1/2014,2,harikrishna266,india,22.3511148,78.6677428
2/1/2014,1,Nicolab,"Bidart, Euskadi (France)",,
2/1/2014,1,liebeskind,San Francisco,37.7789601,-122.419199
2/1/2014,1,litmit,"Vitebsk, Belarus",55.1930197,30.2070437
2/1/2014,1,maggialejandro,Argentina,-35.1124869,-65.241974
2/1/2014,2,rogerwang,"Shanghai, China",31.2253441,121.4888922
2/1/2014,23,thomseddon,"Manchester, UK",53.4791466,-2.2447445
1/1/2014,6,eschulz2,Chicago,41.8756208,-87.6243706
1/1/2014,1,jni,"Melbourne, VIC, Australia",-37.8142176,144.9631608
1/1/2014,1,chuguixin,������,,
1/1/2014,3,tilera,"1900 West Park Drive, Suite 290 Westborough, MA 01581 USA",,
1/1/2014,2,johnko,Canada,61.0666922,-107.9917071
1/1/2014,2,spolu,"Paris, France",48.8565056,2.3521334
1/1/2014,2,Montu,India,22.3511148,78.6677428
1/1/2014,5,vitorvigano,Brazil,-8.4666145,-51.3333976
1/1/2014,2,gandazgul,"Stamford, CT",41.0534302,-73.5387341
1/1/2014,1,victordfb,"Bras��lia, DF",,
1/1/2014,2,yosuke-furukawa,Japan,36.5748441,139.2394179
1/1/2014,2,L8D,Texas,31.8160381,-99.5120986
1/1/2014,1,huyvlam,"San Jose, CA",37.3438502,-121.8831349
1/1/2014,6,zootella,mountain view | boulder | nyc | stockholm,,
1/1/2014,6,sam-github,"Vancouver, BC, Canada",49.2608944,-123.1139383
1/1/2014,1,metamatt,San Francisco,37.7789601,-122.419199
1/1/2014,9,thomseddon,"Manchester, UK",53.4791466,-2.2447445
1/1/2014,1,zbinlin,china,35.000074,104.999927
1/1/2014,1,gbrail,"Palo Alto, CA",37.442156,-122.1634472
1/1/2014,3,litmit,"Vitebsk, Belarus",55.1930197,30.2070437
1/1/2014,1,gsf,Philadelphia,39.952335,-75.163789
1/1/2014,23,elliotfleming,New Orleans,29.9499323,-90.0701156
1/1/2014,3,JayBeavers,"Duvall, WA",47.7423219,-121.9856782
1/1/2014,94,trevnorris,"Cupertino, CA",37.3230107,-122.0322519
1/1/2014,16,bnoordhuis,"Gouda, the Netherlands",52.0114927,4.7106063
1/1/2014,8,seishun,Riga,56.97166385,24.16659513
1/1/2014,4,shigeki,"Tokyo, Japan",35.69004135,139.5103951
1/1/2014,4,koichik,Japan,36.5748441,139.2394179
1/1/2014,2,smanders,Utah,39.4225192,-111.7143584
1/1/2014,3,jacobgroundwater,San Francisco,37.7789601,-122.419199
1/1/2014,4,isaacs,Oakland CA,37.8043808,-122.2708166
1/1/2014,1,bajtos,Hradec Kr��lov��,,
1/1/2014,3,kapouer,"Champagn�� Saint Hilaire, France",,
1/1/2014,1,joujiahe,Taiwan,24.7910087,121.533556
1/1/2014,2,chencl,������,,
1/1/2014,2,jeffbski,"St. Louis, MO (USA)",38.6272733,-90.1978889
1/1/2014,1,Sannis,"Moscow, Russia",55.4792046,37.3273304
1/1/2014,1,pilwon,"Toronto, Canada",43.6529206,-79.3849008
1/1/2014,1,npadhya,"San Jose, CA",37.3438502,-121.8831349
1/1/2014,2,rogerwang,"Shanghai, China",31.2253441,121.4888922
1/1/2014,1,yemol,Shanghai China,31.2253441,121.4888922
1/1/2014,1,acidsound,"seoul, korea",37.5710824,126.9953036
1/1/2014,6,ayanamist,Hangzhou,30.2665643,120.149335
1/1/2014,83,indutny,Russia,64.6863136,97.7453061
1/1/2014,10,lf2941270,������,,
1/1/2014,23,bsmr,"N��rnberg, Germany",,
1/1/2014,11,wesolows,San Francisco CA US,37.7789601,-122.419199
1/1/2014,59,tjfontaine,"Alameda, CA",37.6090291,-121.899142
1/1/2014,5,flowlo,"Vienna, Austria",48.2083537,16.3725042
1/1/2014,15,shantanusharma,New York,40.7305991,-73.9865812
1/1/2014,10,rmg,"Langley, BC, Canada",49.1,-122.65
1/1/2014,10,ljinke,"Shanghai, China",31.2253441,121.4888922
1/1/2014,11,yorkie,"Beijing, China",40.2505379,116.6250886
1/1/2014,55,CraZySacX,"Maineville,OH",39.3150592,-84.2207697
12/1/2013,3,AllSpeeds,"Austin, TX",30.2711286,-97.7436995
12/1/2013,3,piscisaureus,Amsterdam,52.3710088,4.9001115
12/1/2013,1,jyz19880823,Shanghai,31.2253441,121.4888922
12/1/2013,1,BenMatheja,"Frankfurt, Germany",50.1213881,8.662009637
12/1/2013,1,gabrielf,"Stockholm, Sweden",59.3251172,18.0710935
12/1/2013,2,gsf,Philadelphia,39.952335,-75.163789
12/1/2013,1,bsnote,Chisinau,47.0122737,28.8605936
12/1/2013,2,mathiasbynens,Belgium,50.6407351,4.66696
12/1/2013,1,yalamber,kathmandu,27.7076762,85.3148882
12/1/2013,50,tjfontaine,"Alameda, CA",37.6090291,-121.899142
12/1/2013,6,kimo,"Sunnyvale, CA",37.3688301,-122.0363496
12/1/2013,21,shantanusharma,New York,40.7305991,-73.9865812
12/1/2013,4,sevenfour,"Vancouver, BC",49.2608944,-123.1139383
12/1/2013,4,davepacheco,San Francisco,37.7789601,-122.419199
12/1/2013,8,jokagent,������������������,,
12/1/2013,1,ceejbot,"Menlo Park, CA",37.4538274,-122.1821871
12/1/2013,1,pborreli,Oujda,34.6800173,-1.9203727
12/1/2013,12,loyd,Moscow,55.4792046,37.3273304
12/1/2013,4,migounette,France,46.603354,1.8883335
12/1/2013,1,rvagg,"South Coast NSW, Australia",-33.9912225,151.2497988
12/1/2013,38,trevnorris,"Cupertino, CA",37.3230107,-122.0322519
12/1/2013,1,burt202,"Bristol, UK",51.4556994,-2.5952658
12/1/2013,1,fremn,Austin,30.2711286,-97.7436995
12/1/2013,2,lalitkapoor,"Austin, TX",30.2711286,-97.7436995
12/1/2013,5,bsmr,"N��rnberg, Germany",,
12/1/2013,2,jaimemmp,Madrid (Spain),40.5248319,-3.771562775
12/1/2013,5,koichik,Japan,36.5748441,139.2394179
12/1/2013,5,skepticfx,"Bangalore, India",12.9793998,77.5903608
12/1/2013,17,yorkie,"Beijing, China",40.2505379,116.6250886
12/1/2013,1,liamchzh,Beijing,40.2505379,116.6250886
12/1/2013,1,zootella,mountain view | boulder | nyc | stockholm,,
12/1/2013,1,JayBeavers,"Duvall, WA",47.7423219,-121.9856782
12/1/2013,6,chencl,������,,
12/1/2013,3,Elzair,"Charlotte, NC",35.2270869,-80.8431268
12/1/2013,1,watson,"Copenhagen, Denmark",55.6867243,12.5700724
12/1/2013,5,zcbenz,"Xiamen, China",24.497442,118.1355644
12/1/2013,1,mscdex,Ohio,40.2253569,-82.6881395
12/1/2013,1,Sannis,"Moscow, Russia",55.4792046,37.3273304
12/1/2013,1,wanderview,"Fairfax, VA",38.8462236,-77.3063733
12/1/2013,1,agnoster,"Berlin, Germany",52.5170365,13.3888599
12/1/2013,1,dunxrion,Ireland,52.865196,-7.9794599
12/1/2013,1,nikai3d,"Kitzb��hel, Austria",,
12/1/2013,1,sandinmyjoints,DC,38.8937154,-76.98779356
12/1/2013,1,tucan,"Moscow, Russia",55.4792046,37.3273304
12/1/2013,1,clarle,"Mountain View, CA",37.3855745,-122.08205
12/1/2013,9,isaacs,Oakland CA,37.8043808,-122.2708166
12/1/2013,3,Benjamin-Waters,"Toronto, Ontario",43.6529206,-79.3849008
12/1/2013,1,rgbkrk,USA,39.7837304,-100.4458825
12/1/2013,1,3Q-,Guangzhou,23.1229013,113.2529963
12/1/2013,5,huyvlam,"San Jose, CA",37.3438502,-121.8831349
12/1/2013,42,CraZySacX,"Maineville,OH",39.3150592,-84.2207697
12/1/2013,13,piousbox,"San Francisco, CA",37.7789601,-122.419199
12/1/2013,1,bnoordhuis,"Gouda, the Netherlands",52.0114927,4.7106063
12/1/2013,1,zined,Germany,51.0834196,10.4234469
12/1/2013,1,younesherlock,"Agadir, Morocco",30.4170051,-9.5830102
12/1/2013,4,edhemphill,"Austin, TX",30.2711286,-97.7436995
12/1/2013,1,luismreis,"Lisbon, Portugal",38.7130574,-9.1380056
12/1/2013,24,sam-github,"Vancouver, BC, Canada",49.2608944,-123.1139383
12/1/2013,1,generalhenry,Palo Alto,37.442156,-122.1634472
12/1/2013,3,rogerwang,"Shanghai, China",31.2253441,121.4888922
12/1/2013,7,jni,"Melbourne, VIC, Australia",-37.8142176,144.9631608
12/1/2013,3,meso,Tokyo/Japan,35.69004135,139.5103951
12/1/2013,53,indutny,Russia,64.6863136,97.7453061
12/1/2013,1,zackbloom,Boston,42.3604823,-71.0595678
11/1/2013,12,burt202,"Bristol, UK",51.4556994,-2.5952658
11/1/2013,7,isaacs,Oakland CA,37.8043808,-122.2708166
11/1/2013,3,diversario,"Boston, MA",42.3604823,-71.0595678
11/1/2013,1,pdehaan,"Sunnyvale, CA",37.3688301,-122.0363496
11/1/2013,1,luismreis,"Lisbon, Portugal",38.7130574,-9.1380056
11/1/2013,5,fengmk2,"Hangzhou, China",30.2665643,120.149335
11/1/2013,2,mmalecki,"Pozna��, Poland",,
11/1/2013,1,unbit,Rome,41.8932575,12.4830619
11/1/2013,1,h4ck3rm1k3,"Lawrence, Kansas, USA",38.9716689,-95.2352501
11/1/2013,71,trevnorris,"Cupertino, CA",37.3230107,-122.0322519
11/1/2013,1,kimo,"Sunnyvale, CA",37.3688301,-122.0363496
11/1/2013,2,timrwood,Los Angeles,34.0536781,-118.2427025
11/1/2013,1,logangorence,/dev/null,,
11/1/2013,1,kimo,"Hyderabad, India",17.3992891,78.4733709
11/1/2013,3,3Q-,Guangzhou,23.1229013,113.2529963
11/1/2013,4,TooTallNate,"San Rafael, CA",37.9735346,-122.5310874
11/1/2013,2,morphar,Copenhagen,55.6867243,12.5700724
11/1/2013,1,langpavel,"Hradec Kr��lov��, Czech Republic",,
11/1/2013,4,JayBeavers,"Duvall, WA",47.7423219,-121.9856782
11/1/2013,1,migounette,France,46.603354,1.8883335
11/1/2013,11,chencl,������,,
11/1/2013,5,koichik,Japan,36.5748441,139.2394179
11/1/2013,2,metamatt,San Francisco,37.7789601,-122.419199
11/1/2013,8,lalitkapoor,"Austin, TX",30.2711286,-97.7436995
11/1/2013,1,magnushoglund,"Stockholm, Sweden",59.3251172,18.0710935
11/1/2013,3,mridgway,SF Bay Area,37.7884969,-122.3558473
11/1/2013,2,7hi4g0,"Manaus, Amazonas - Brazil",-3.1331055,-59.9856354
11/1/2013,37,indutny,Russia,64.6863136,97.7453061
11/1/2013,1,xionglun,"Beijing, China",40.2505379,116.6250886
11/1/2013,1,kkragenbrink,"Aliso Viejo, CA",33.5761376,-117.7258122
11/1/2013,23,shantanusharma,New York,40.7305991,-73.9865812
11/1/2013,1,rogerwang,"Shanghai, China",31.2253441,121.4888922
11/1/2013,3,piscisaureus,Amsterdam,52.3710088,4.9001115
11/1/2013,3,sam-github,"Vancouver, BC, Canada",49.2608944,-123.1139383
11/1/2013,1,ralphtheninja,Sweden,59.6749712,14.5208584
11/1/2013,1,davidbanham,Sydney,-33.8548157,151.2164539
11/1/2013,13,yorkie,"Beijing, China",40.2505379,116.6250886
11/1/2013,2,bajtos,Hradec Kr��lov��,,
11/1/2013,1,avexer,China,35.000074,104.999927
11/1/2013,1,jmar777,"Charleston, SC",32.7876012,-79.9402728
11/1/2013,1,basarat,"Melbourne, Australia",-37.8142176,144.9631608
11/1/2013,6,sevenfour,"Vancouver, BC",49.2608944,-123.1139383
11/1/2013,4,ronkorving,Tokyo,35.69004135,139.5103951
11/1/2013,2,dshaw,"San Francisco, CA",37.7789601,-122.419199
11/1/2013,1,lukehan,China,35.000074,104.999927
11/1/2013,4,meso,Tokyo/Japan,35.69004135,139.5103951
11/1/2013,51,bnoordhuis,"Gouda, the Netherlands",52.0114927,4.7106063
11/1/2013,2,LinusU,"Stockholm, Sweden",59.3251172,18.0710935
11/1/2013,4,yoelnacho,C��rdoba - Argentina,,
11/1/2013,1,mharsch,"Denver, CO",39.7391536,-104.9847034
11/1/2013,4,roll,"Moscow, Russia",55.4792046,37.3273304
11/1/2013,2,JacksonTian,"Hangzhou, China",30.2665643,120.149335
11/1/2013,2,jisqyv,"Cambridge, MA",42.3750997,-71.1056157
11/1/2013,13,tjfontaine,"Alameda, CA",37.6090291,-121.899142
10/1/2013,3,teh-cmc,"Paris, FRANCE",48.8565056,2.3521334
10/1/2013,1,DTrejo,"San Francisco, CA",37.7789601,-122.419199
10/1/2013,1,ppejovic,"Vancouver, Canada",49.2608944,-123.1139383
10/1/2013,2,metamatt,San Francisco,37.7789601,-122.419199
10/1/2013,2,zaphod1984,"Erlangen, Germany",49.5981208,11.0036532
10/1/2013,2,georgekola,San Francisco,37.7789601,-122.419199
10/1/2013,1,morkai,Poland,52.0977181,19.0258159
10/1/2013,2,SaviorPhoenix,United States,39.7837304,-100.4458825
10/1/2013,3,rmg,"Langley, BC, Canada",49.1,-122.65
10/1/2013,1,mtbrandy,"Austin, TX",30.2711286,-97.7436995
10/1/2013,1,sandinmyjoints,DC,38.8937154,-76.98779356
10/1/2013,2,cesare,"Tokyo, Japan",35.69004135,139.5103951
10/1/2013,1,richelite,San Jose,37.3438502,-121.8831349
10/1/2013,2,tucan,"Moscow, Russia",55.4792046,37.3273304
10/1/2013,1,larsha,"Stockholm, Sweden",59.3251172,18.0710935
10/1/2013,1,migounette,France,46.603354,1.8883335
10/1/2013,2,bajtos,Hradec Kr��lov��,,
10/1/2013,1,zootella,mountain view | boulder | nyc | stockholm,,
10/1/2013,2,mcollina,"Bologna, Italy",44.4936714,11.3430347
10/1/2013,1,pedronasser,Brazil,-8.4666145,-51.3333976
10/1/2013,1,Joshua-Anderson,"Bay Area, US",37.7884969,-122.3558473
10/1/2013,3,meso,Tokyo/Japan,35.69004135,139.5103951
10/1/2013,7,seanmonstar,"Orange County, California",33.7213739,-117.7903245
10/1/2013,1,Elzair,"Charlotte, NC",35.2270869,-80.8431268
10/1/2013,5,rvagg,"South Coast NSW, Australia",-33.9912225,151.2497988
10/1/2013,1,chuguixin,������,,
10/1/2013,2,shigeki,"Tokyo, Japan",35.69004135,139.5103951
10/1/2013,1,AKIo0O,China,35.000074,104.999927
10/1/2013,1,CSMastermind,"State College, PA",40.794026,-77.8606975
10/1/2013,1,JacksonTian,"Hangzhou, China",30.2665643,120.149335
10/1/2013,29,sam-github,"Vancouver, BC, Canada",49.2608944,-123.1139383
10/1/2013,5,luismreis,"Lisbon, Portugal",38.7130574,-9.1380056
10/1/2013,3,fiws,Germany,51.0834196,10.4234469
10/1/2013,4,sensorario,Cesena,44.136352,12.2422442
10/1/2013,5,abhinavraj,San Francisco Bay Area,37.7884969,-122.3558473
10/1/2013,1,VanCoding,Lieli LU CH,47.2079198,8.2992079
10/1/2013,1,ErikDubbelboer,"Utrecht, Netherlands",52.0959423,5.1104136
10/1/2013,1,djbobke,Netherlands,52.5001698,5.7480821
10/1/2013,3,jmadden85,Brooklyn,40.6501038,-73.9495823
10/1/2013,2,joybro,"Bundang, Korea",37.4117148,127.1050718
10/1/2013,12,davepacheco,San Francisco,37.7789601,-122.419199
10/1/2013,5,mjibson,"New York, NY",40.7305991,-73.9865812
10/1/2013,1,davglass,"Marion, IL",37.714728,-88.92961932
10/1/2013,3,mlocati,"Como, Italy",45.8106805,9.0863028
10/1/2013,2,nsimmons,"Ottawa, Canada",45.4210328,-75.6900219
10/1/2013,1,LimoWanKenobi,D.F. M��xico,,
10/1/2013,1,jlipps,"San Francisco, CA",37.7789601,-122.419199
10/1/2013,3,crhallberg,"Drexel Hill, PA",39.9483195,-75.30691753
10/1/2013,5,koichik,Japan,36.5748441,139.2394179
10/1/2013,2,davemo,"Ottawa, Canada",45.4210328,-75.6900219
10/1/2013,4,bogushevich,"Russia, Chita",52.0334094,113.5008922
10/1/2013,12,isaacs,Oakland CA,37.8043808,-122.2708166
10/1/2013,5,jacobgroundwater,San Francisco,37.7789601,-122.419199
10/1/2013,3,napernik,"Copenhagen, Denmark",55.6867243,12.5700724
10/1/2013,8,thomseddon,"Manchester, UK",53.4791466,-2.2447445
10/1/2013,10,albertyw,"Boston, MA",42.3604823,-71.0595678
10/1/2013,10,sblom,"Redmond, WA USA",47.6694141,-122.1238767
10/1/2013,14,indutny,Russia,64.6863136,97.7453061
10/1/2013,2,phillipalexander,San Francisco,37.7789601,-122.419199
10/1/2013,21,shantanusharma,New York,40.7305991,-73.9865812
10/1/2013,6,burt202,"Bristol, UK",51.4556994,-2.5952658
10/1/2013,122,trevnorris,"Cupertino, CA",37.3230107,-122.0322519
10/1/2013,4,JayBeavers,"Duvall, WA",47.7423219,-121.9856782
10/1/2013,20,tjfontaine,"Alameda, CA",37.6090291,-121.899142
10/1/2013,59,bnoordhuis,"Gouda, the Netherlands",52.0114927,4.7106063
9/1/2013,2,dshaw,"San Francisco, CA",37.7789601,-122.419199
9/1/2013,18,shantanusharma,New York,40.7305991,-73.9865812
9/1/2013,1,ManInTheBox,"Belgrade, Serbia",44.8178787,20.4568089
9/1/2013,38,bnoordhuis,"Gouda, the Netherlands",52.0114927,4.7106063
9/1/2013,3,JacksonTian,"Hangzhou, China",30.2665643,120.149335
9/1/2013,3,meso,Tokyo/Japan,35.69004135,139.5103951
9/1/2013,2,ephp,Livorno,43.5426309,10.3160295
9/1/2013,3,averted,"Brisbane, Australia",-27.4689682,153.0234991
9/1/2013,1,edhemphill,"Austin, TX",30.2711286,-97.7436995
9/1/2013,1,phidelta,"Vienna, Austria",48.2083537,16.3725042
9/1/2013,3,rvagg,"South Coast NSW, Australia",-33.9912225,151.2497988
9/1/2013,3,rogerwang,"Shanghai, China",31.2253441,121.4888922
9/1/2013,1,mmalecki,"Poznań, Poland",52.40039265,16.92021821
9/1/2013,13,isaacs,Oakland CA,37.8043808,-122.2708166
9/1/2013,17,indutny,Russia,64.6863136,97.7453061
9/1/2013,1,bsnote,Chisinau,47.0122737,28.8605936
9/1/2013,3,zined,Germany,51.0834196,10.4234469
9/1/2013,1,sam-github,"Vancouver, BC, Canada",49.2608944,-123.1139383
9/1/2013,1,paulwithap,"Los Angeles, CA",34.0536781,-118.2427025
9/1/2013,6,koichik,Japan,36.5748441,139.2394179
9/1/2013,1,freeall,"Copenhagen, Denmark",55.6867243,12.5700724
9/1/2013,1,zbinlin,china,35.000074,104.999927
9/1/2013,3,waynecheah,"Selangor, Malaysia",3.137444,101.3418597
9/1/2013,1,yanni4night,"Beijing,China",40.2505379,116.6250886
9/1/2013,1,mtbrandy,"Austin, TX",30.2711286,-97.7436995
9/1/2013,6,TooTallNate,"San Rafael, CA",37.9735346,-122.5310874
9/1/2013,1,JoeChapman,"London, UK",51.5072759,-0.1276597
9/1/2013,1,sblom,"Redmond, WA USA",47.6694141,-122.1238767
9/1/2013,1,Maxtermax,Colombia Medellin,6.2443382,-75.573553
9/1/2013,8,tjfontaine,"Alameda, CA",37.6090291,-121.899142
9/1/2013,3,asilvas,"Phoenix, AZ",33.4483772,-112.0740374
9/1/2013,99,trevnorris,"Cupertino, CA",37.3230107,-122.0322519
9/1/2013,2,glenjamin,"Sheffield, United Kingdom",53.3806626,-1.4702278
9/1/2013,5,Joshua-Anderson,"Bay Area, US",37.7884969,-122.3558473
9/1/2013,2,andy-taylor,"Hursley, UK",51.03268855,-1.403285878
9/1/2013,1,Elzair,"Charlotte, NC",35.2270869,-80.8431268
9/1/2013,3,tucan,"Moscow, Russia",55.4792046,37.3273304
9/1/2013,2,skratchdot,"Baltimore, MD",39.2908608,-76.6108073
9/1/2013,1,cesare,"Tokyo, Japan",35.69004135,139.5103951
9/1/2013,3,ErikDubbelboer,"Utrecht, Netherlands",52.0959423,5.1104136
9/1/2013,1,outsideris,"Seoul, South Korea",37.5710824,126.9953036
9/1/2013,2,spolu,"Paris, France",48.8565056,2.3521334
9/1/2013,9,zootella,mountain view | boulder | nyc | stockholm,,
9/1/2013,6,shigeki,"Tokyo, Japan",35.69004135,139.5103951
9/1/2013,1,garylai1990,Taiwan,24.7910087,121.533556
8/1/2013,1,christkv,"Barcelona, Spain",41.3870186,2.1700437
8/1/2013,1,Jianru-Lin,Beijing,40.2505379,116.6250886
8/1/2013,8,zined,Germany,51.0834196,10.4234469
8/1/2013,2,Elzair,"Charlotte, NC",35.2270869,-80.8431268
8/1/2013,5,meso,Tokyo/Japan,35.69004135,139.5103951
8/1/2013,1,asilvas,"Phoenix, AZ",33.4483772,-112.0740374
8/1/2013,4,mjibson,"New York, NY",40.7305991,-73.9865812
8/1/2013,2,sblom,"Redmond, WA USA",47.6694141,-122.1238767
8/1/2013,1,lfortin,"Montréal, Qc, Canada",45.5224507,-73.5912827
8/1/2013,3,marcus-bertolucci,São Paulo - Brazil,-21.9549806,-49.0232348
8/1/2013,1,lennartcl,"Amsterdam, The Netherlands",52.3710088,4.9001115
8/1/2013,10,floatdrop,"Russia, Yekaterinburg",56.8391034,60.6082502
8/1/2013,80,isaacs,Oakland CA,37.8043808,-122.2708166
8/1/2013,2,trollixx,"Lake Forest, California",33.6469661,-117.689218
8/1/2013,8,sam-github,"Vancouver, BC, Canada",49.2608944,-123.1139383
8/1/2013,1,subzey,"Rostov-on-Don, Russia",47.2248606,39.7022857
8/1/2013,3,jisqyv,"Cambridge, MA",42.3750997,-71.1056157
8/1/2013,3,mathiasbynens,Belgium,50.6407351,4.66696
8/1/2013,1,stdarg,San Francisco,37.7789601,-122.419199
8/1/2013,3,phidelta,"Vienna, Austria",48.2083537,16.3725042
8/1/2013,1,qbit,"Pueblo, CO",38.2544472,-104.609141
8/1/2013,1,dshaw,"San Francisco, CA",37.7789601,-122.419199
8/1/2013,28,piscisaureus,Amsterdam,52.3710088,4.9001115
8/1/2013,45,domenic,"New York, NY",40.7305991,-73.9865812
8/1/2013,2,adrianlang,Berlin,52.5170365,13.3888599
8/1/2013,1,southpolesteve,"Madison, WI",43.074761,-89.3837613
8/1/2013,22,tjfontaine,"Alameda, CA",37.6090291,-121.899142
8/1/2013,1,evansolomon,San Francsico,19.270833,-98.514722
8/1/2013,2,yorkie,"Beijing, China",40.2505379,116.6250886
8/1/2013,1,bigeasy,"Faubourg St John, New Orleans, LA",29.9794833,-90.0862307
8/1/2013,48,shantanusharma,New York,40.7305991,-73.9865812
8/1/2013,2,TooTallNate,"San Rafael, CA",37.9735346,-122.5310874
8/1/2013,8,kode4food,"Berlin, Germany",52.5170365,13.3888599
8/1/2013,32,indutny,Russia,64.6863136,97.7453061
8/1/2013,2,WebReflection,San Francisco,37.7789601,-122.419199
8/1/2013,4,zootella,mountain view | boulder | nyc | stockholm,,
8/1/2013,1,mscdex,Ohio,40.2253569,-82.6881395
8/1/2013,7,koichik,Japan,36.5748441,139.2394179
8/1/2013,1,apaprocki,"New York, NY",40.7305991,-73.9865812
8/1/2013,20,ephp,Livorno,43.5426309,10.3160295
8/1/2013,2,hueniverse,"Los Gatos, CA",37.2333645,-121.9472731
8/1/2013,4,ErikDubbelboer,"Utrecht, Netherlands",52.0959423,5.1104136
8/1/2013,1,suggitpe,UK,54.7023545,-3.2765753
8/1/2013,6,TheHydroImpulse,"Edmonton, Alberta, Canada",53.5268245,-113.5244545
8/1/2013,1,cielling,"Dallas/Ft. Worth, TX",32.988434,-97.011177
8/1/2013,1,jlipps,"San Francisco, CA",37.7789601,-122.419199
8/1/2013,1,trevorlinton,Salt Lake City,40.7606467,-111.89109
8/1/2013,1,sreeix,Bangalore,12.9793998,77.5903608
8/1/2013,1,beyondx,Shanghai,31.2253441,121.4888922
8/1/2013,1,rogerwang,"Shanghai, China",31.2253441,121.4888922
8/1/2013,14,edelsohn,"White Plains, NY",41.0339862,-73.7629097
8/1/2013,2,fourplusone,"Darmstadt, Germany",49.8727746,8.6511775
8/1/2013,3,ChrisWren,San Francisco,37.7789601,-122.419199
8/1/2013,124,bnoordhuis,"Gouda, the Netherlands",52.0114927,4.7106063
8/1/2013,1,Lilacs,中国北京,40.2505379,116.6250886
8/1/2013,11,othiym23,San Francisco,37.7789601,-122.419199
8/1/2013,3,mafintosh,"Copenhagen, Denmark",55.6867243,12.5700724
8/1/2013,1,mojodna,"San Francisco, CA",37.7789601,-122.419199
8/1/2013,1,davglass,"Marion, IL",37.714728,-88.92961932
8/1/2013,149,trevnorris,"Cupertino, CA",37.3230107,-122.0322519
8/1/2013,1,stephank,The Netherlands,25.22453785,55.16235379
8/1/2013,2,kaero,"Russia, St. Petersburg",59.9393657,30.3153628
7/1/2013,2,sam-github,"Vancouver, BC, Canada",49.2608944,-123.1139383
7/1/2013,187,trevnorris,"Cupertino, CA",37.3230107,-122.0322519
7/1/2013,2,samdutton,"London, England",51.5072759,-0.1276597
7/1/2013,2,subzey,"Rostov-on-Don, Russia",47.2248606,39.7022857
7/1/2013,1,domenic,"New York, NY",40.7305991,-73.9865812
7/1/2013,1,adityapn,India,22.3511148,78.6677428
7/1/2013,1,jmar777,"Charleston, SC",32.7876012,-79.9402728
7/1/2013,1,bajtos,Hradec Králové,50.2094963,15.832719
7/1/2013,3,Elzair,"Charlotte, NC",35.2270869,-80.8431268
7/1/2013,5,ErikDubbelboer,"Utrecht, Netherlands",52.0959423,5.1104136
7/1/2013,2,johnsonlee,Shanghai China,31.2253441,121.4888922
7/1/2013,3,lexogram,"Bangkok, Ottawa, Moscow",,
7/1/2013,1,nickleefly,Shanghai,31.2253441,121.4888922
7/1/2013,2,zielmicha,Poland,52.0977181,19.0258159
7/1/2013,5,danielchatfield,Great Britain,54.7023545,-3.2765753
7/1/2013,1,suggitpe,UK,54.7023545,-3.2765753
7/1/2013,4,zootella,mountain view | boulder | nyc | stockholm,,
7/1/2013,1,JacksonTian,"Hangzhou, China",30.2665643,120.149335
7/1/2013,4,mojodna,"San Francisco, CA",37.7789601,-122.419199
7/1/2013,2,mjibson,"New York, NY",40.7305991,-73.9865812
7/1/2013,52,isaacs,Oakland CA,37.8043808,-122.2708166
7/1/2013,5,rvagg,"South Coast NSW, Australia",-33.9912225,151.2497988
7/1/2013,2,timoxley,Brisbane,-27.4689682,153.0234991
7/1/2013,1,ahadik,Providence RI,41.8239891,-71.4128343
7/1/2013,6,prust,"Bellingham, WA",48.754402,-122.4788602
7/1/2013,1,michaelficarra,"Chicago, IL",41.8756208,-87.6243706
7/1/2013,1,juliangruber,Munich - Germany,48.1372719,11.5754815
7/1/2013,5,mscdex,Ohio,40.2253569,-82.6881395
7/1/2013,88,bnoordhuis,"Gouda, the Netherlands",52.0114927,4.7106063
7/1/2013,1,jeffbski,"St. Louis, MO (USA)",38.6272733,-90.1978889
7/1/2013,2,bodokaiser,Berlin,52.5170365,13.3888599
7/1/2013,2,davglass,"Marion, IL",37.714728,-88.92961932
7/1/2013,3,zxqfox,"Moscow, Russia",55.4792046,37.3273304
7/1/2013,4,TooTallNate,"San Rafael, CA",37.9735346,-122.5310874
7/1/2013,6,koichik,Japan,36.5748441,139.2394179
7/1/2013,3,meso,Tokyo/Japan,35.69004135,139.5103951
7/1/2013,20,indutny,Russia,64.6863136,97.7453061
7/1/2013,7,apaprocki,"New York, NY",40.7305991,-73.9865812
7/1/2013,5,mmalecki,"Poznań, Poland",52.40039265,16.92021821
7/1/2013,1,Lilacs,中国北京,40.2505379,116.6250886
7/1/2013,1,Sannis,"Moscow, Russia",55.4792046,37.3273304
7/1/2013,2,rogerwang,"Shanghai, China",31.2253441,121.4888922
7/1/2013,1,chrisprice,Newcastle UK,54.9770924,-1.6142059
7/1/2013,1,techhat,"Salt Lake City, UT",40.7606467,-111.89109
7/1/2013,2,supershabam,"American Fork, UT",40.3768954,-111.7957645
7/1/2013,2,st-luke,NYC,40.7305991,-73.9865812
7/1/2013,1,greelgorke,Germany - Hamburg,53.5503414,10.000654
7/1/2013,2,OhJeez,Poland,52.0977181,19.0258159
7/1/2013,43,shantanusharma,New York,40.7305991,-73.9865812
7/1/2013,17,zined,Germany,51.0834196,10.4234469
7/1/2013,2,PartTimeLegend,"Liverpool, UK",53.4054719,-2.9805393
7/1/2013,1,swang,"San Francisco, CA",37.7789601,-122.419199
7/1/2013,39,tjfontaine,"Alameda, CA",37.6090291,-121.899142
7/1/2013,4,koush,"Seattle, WA",47.6038321,-122.3300624
7/1/2013,1,psung,San Francisco Bay Area,37.7884969,-122.3558473
7/1/2013,1,uggedal,"Oslo, Norway",59.9132694,10.7391112
7/1/2013,3,jonnyasmith,United Kingdom Limited,52.9187433,-1.2081288
7/1/2013,11,nealjin,"Beijing, China",40.2505379,116.6250886
7/1/2013,1,piscisaureus,Amsterdam,52.3710088,4.9001115
7/1/2013,4,chrisenytc,"New York, USA",40.7305991,-73.9865812
7/1/2013,5,kapouer,"Champagné Saint Hilaire, France",46.3196259,0.3253021
6/1/2013,19,zootella,mountain view | boulder | nyc | stockholm,,
6/1/2013,3,OhJeez,Poland,52.0977181,19.0258159
6/1/2013,1,soldair,pasadena CA,34.1476452,-118.1444779
6/1/2013,7,RommelVR,"Melbourne, Australia",-37.8142176,144.9631608
6/1/2013,7,bsnote,Chisinau,47.0122737,28.8605936
6/1/2013,1,prust,"Bellingham, WA",48.754402,-122.4788602
6/1/2013,14,koichik,Japan,36.5748441,139.2394179
6/1/2013,42,indutny,Russia,64.6863136,97.7453061
6/1/2013,2,generalhenry,Palo Alto,37.442156,-122.1634472
6/1/2013,5,samdutton,"London, England",51.5072759,-0.1276597
6/1/2013,1,Jimbly,"San Jose, CA",37.3438502,-121.8831349
6/1/2013,2,comp,el paso,31.8111305,-106.5013494
6/1/2013,21,mikedeboertest,"Amsterdam, The Netherlands",52.3710088,4.9001115
6/1/2013,6,meso,Tokyo/Japan,35.69004135,139.5103951
6/1/2013,1,mmalecki,"Poznań, Poland",52.40039265,16.92021821
6/1/2013,3,cosmicdice,"Oxford, UK",51.7521553,-1.2582135
6/1/2013,15,shantanusharma,New York,40.7305991,-73.9865812
6/1/2013,1,adammw,"Melbourne, Australia",-37.8142176,144.9631608
6/1/2013,1,shin-,"San Francisco, California",37.7789601,-122.419199
6/1/2013,1,gabrielf,"Stockholm, Sweden",59.3251172,18.0710935
6/1/2013,9,yuanchuan,"Chengdu,China",30.6765553,104.0612783
6/1/2013,1,ceejbot,"Menlo Park, CA",37.4538274,-122.1821871
6/1/2013,2,nickdesaulniers,"Mountain View, CA",37.3855745,-122.08205
6/1/2013,2,namhyung,Seoul/Korea,37.5710824,126.9953036
6/1/2013,45,bnoordhuis,"Gouda, the Netherlands",52.0114927,4.7106063
6/1/2013,10,suggitpe,UK,54.7023545,-3.2765753
6/1/2013,1,bodokaiser,Berlin,52.5170365,13.3888599
6/1/2013,14,tjfontaine,"Alameda, CA",37.6090291,-121.899142
6/1/2013,1,brettz9,"Shenzhen, China",22.5462321,114.0570068
6/1/2013,4,rmg,"Langley, BC, Canada",49.1,-122.65
6/1/2013,2,jeffbski,"St. Louis, MO (USA)",38.6272733,-90.1978889
6/1/2013,1,abi,"Stanford, California",37.4266268,-122.1701137
6/1/2013,1,groner,"Charlottesville, VA",38.029306,-78.4766781
6/1/2013,91,trevnorris,"Cupertino, CA",37.3230107,-122.0322519
6/1/2013,1,piscisaureus,Amsterdam,52.3710088,4.9001115
6/1/2013,1,trevorlinton,Salt Lake City,40.7606467,-111.89109
6/1/2013,1,fb55,Berlin,52.5170365,13.3888599
6/1/2013,1,stephank,The Netherlands,25.22453785,55.16235379
6/1/2013,1,tellnes,"Trondheim, Norway",63.4305658,10.3951929
6/1/2013,1,zbinlin,china,35.000074,104.999927
6/1/2013,3,apaprocki,"New York, NY",40.7305991,-73.9865812
6/1/2013,3,rvagg,"South Coast NSW, Australia",-33.9912225,151.2497988
6/1/2013,13,bajtos,Hradec Králové,50.2094963,15.832719
6/1/2013,2,riga,"Aachen, Germany",50.7762954,6.0838209
6/1/2013,1,WillTurman,"Reno, NV",39.52927,-119.8136744
6/1/2013,5,sam-github,"Vancouver, BC, Canada",49.2608944,-123.1139383
6/1/2013,46,isaacs,Oakland CA,37.8043808,-122.2708166
6/1/2013,1,jperkin,"London, UK",51.5072759,-0.1276597
6/1/2013,1,benjamn,SF Bay Area,37.7884969,-122.3558473
6/1/2013,1,rogerwang,"Shanghai, China",31.2253441,121.4888922
6/1/2013,1,jmar777,"Charleston, SC",32.7876012,-79.9402728
6/1/2013,4,mathiasbynens,Belgium,50.6407351,4.66696
6/1/2013,4,pierresforge,"Bordeaux, France",44.841225,-0.5800364
6/1/2013,1,zined,Germany,51.0834196,10.4234469
6/1/2013,10,guido4000,Berlin,52.5170365,13.3888599
6/1/2013,1,fiveisprime,"Cincinnati, OH",39.1014537,-84.5124602
6/1/2013,3,mscdex,Ohio,40.2253569,-82.6881395
6/1/2013,1,rezapaya,"Esfahan, Iran",33.196733,52.504026
5/1/2013,65,isaacs,Oakland CA,37.8043808,-122.2708166
5/1/2013,53,tjfontaine,"Alameda, CA",37.6090291,-121.899142
5/1/2013,3,meso,Tokyo/Japan,35.69004135,139.5103951
5/1/2013,1,macotohirano,Japan,36.5748441,139.2394179
5/1/2013,1,wanderview,"Reston, VA",38.9539586,-77.35328745
5/1/2013,4,danielgtaylor,"Seattle, WA",47.6038321,-122.3300624
5/1/2013,6,apaprocki,"New York, NY",40.7305991,-73.9865812
5/1/2013,4,Jimbly,"San Jose, CA",37.3438502,-121.8831349
5/1/2013,6,koichik,Japan,36.5748441,139.2394179
5/1/2013,2,mscdex,Ohio,40.2253569,-82.6881395
5/1/2013,9,piscisaureus,Amsterdam,52.3710088,4.9001115
5/1/2013,2,kunnix,"Perth, Australia",-31.9527121,115.8604796
5/1/2013,5,lsegal,"Seattle, WA",47.6038321,-122.3300624
5/1/2013,3,Raynos,San Francisco,37.7789601,-122.419199
5/1/2013,4,fau,"Canada, AB",55,-114.9999999
5/1/2013,4,silvinci,Herne,51.5380394,7.219985
5/1/2013,1,bfrohs,"Traverse City, MI",44.7606441,-85.6165301
5/1/2013,3,cesare,"Tokyo, Japan",35.69004135,139.5103951
5/1/2013,8,fau,"Edmonton AB, Canada",53.5558285,-113.5573527
5/1/2013,1,danielmoore,"New York, NY",40.7305991,-73.9865812
5/1/2013,1,ryuever,名古屋,35.183333,136.9
5/1/2013,2,jessetane,New York,40.7305991,-73.9865812
5/1/2013,1,JayBeavers,"Duvall, WA",47.7423219,-121.9856782
5/1/2013,22,bajtos,Hradec Králové,50.2094963,15.832719
5/1/2013,2,TooTallNate,"San Rafael, CA",37.9735346,-122.5310874
5/1/2013,3,WillTurman,"Reno, NV",39.52927,-119.8136744
5/1/2013,13,shantanusharma,New York,40.7305991,-73.9865812
5/1/2013,3,nuh-temp,US,39.7837304,-100.4458825
5/1/2013,5,gorillamania,"San Francisco, CA",37.7789601,-122.419199
5/1/2013,1,jhermsmeier,"Chemnitz, Germany, Earth",,
5/1/2013,1,outsideris,"Seoul, South Korea",37.5710824,126.9953036
5/1/2013,1,OhJeez,Poland,52.0977181,19.0258159
5/1/2013,1,Unknwon,"Boston, MA",42.3604823,-71.0595678
5/1/2013,2,fau,Canada AB,55,-114.9999999
5/1/2013,5,sblom,"Redmond, WA USA",47.6694141,-122.1238767
5/1/2013,1,hueniverse,"Los Gatos, CA",37.2333645,-121.9472731
5/1/2013,10,jyz19880823,Shanghai,31.2253441,121.4888922
5/1/2013,4,dandv,Silicon Valley,49.1792735,-0.3945668094
5/1/2013,71,bnoordhuis,"Gouda, the Netherlands",52.0114927,4.7106063
5/1/2013,3,cgiffard,"Canberra, Australia",-35.2820709,149.1286673
5/1/2013,2,okrischer,München,48.1372719,11.5754815
5/1/2013,5,rafadev7,Brazil,-8.4666145,-51.3333976
5/1/2013,10,facurubin,Argentina,-35.1124869,-65.241974
5/1/2013,8,nathan7,"Hoofddorp, Netherlands, Earth",,
5/1/2013,1,joshmarinacci,Eugene OR,44.0505054,-123.0950506
5/1/2013,17,sam-github,"Vancouver, BC, Canada",49.2608944,-123.1139383
5/1/2013,13,indutny,Russia,64.6863136,97.7453061
5/1/2013,6,samdutton,"London, England",51.5072759,-0.1276597
5/1/2013,4,coocood,China,35.000074,104.999927
5/1/2013,1,dshaw,"San Francisco, CA",37.7789601,-122.419199
5/1/2013,151,trevnorris,"Cupertino, CA",37.3230107,-122.0322519
5/1/2013,22,zootella,mountain view | boulder | nyc | stockholm,,
4/1/2013,10,koichik,Japan,36.5748441,139.2394179
4/1/2013,4,superjoe30,New York City,40.7305991,-73.9865812
4/1/2013,2,mscdex,Ohio,40.2253569,-82.6881395
4/1/2013,65,isaacs,Oakland CA,37.8043808,-122.2708166
4/1/2013,8,bajtos,Hradec Králové,50.2094963,15.832719
4/1/2013,3,hiteshgupta88,India,22.3511148,78.6677428
4/1/2013,1,ralphtheninja,"Linköping, Sweden",58.4098135,15.6245252
4/1/2013,1,pengguo,"Beijing, China",40.2505379,116.6250886
4/1/2013,2,nickleefly,Shanghai,31.2253441,121.4888922
4/1/2013,1,josephwegner,Chicago,41.8756208,-87.6243706
4/1/2013,3,jessetane,New York,40.7305991,-73.9865812
4/1/2013,2,harlentan,China,35.000074,104.999927
4/1/2013,7,meso,Tokyo/Japan,35.69004135,139.5103951
4/1/2013,61,indutny,Russia,64.6863136,97.7453061
4/1/2013,1,felixge,"Berlin, Germany",52.5170365,13.3888599
4/1/2013,1,morkai,Poland,52.0977181,19.0258159
4/1/2013,9,shantanusharma,New York,40.7305991,-73.9865812
4/1/2013,3,sblom,"Redmond, WA USA",47.6694141,-122.1238767
4/1/2013,2,okuryu,"Tokyo, Japan",35.69004135,139.5103951
4/1/2013,2,yorkie,"Guiyang, China",26.5814112,106.7052544
4/1/2013,6,lbt,UK,54.7023545,-3.2765753
4/1/2013,126,trevnorris,"Cupertino, CA",37.3230107,-122.0322519
4/1/2013,3,piscisaureus,Amsterdam,52.3710088,4.9001115
4/1/2013,9,koush,"Seattle, WA",47.6038321,-122.3300624
4/1/2013,3,rvagg,"South Coast NSW, Australia",-33.9912225,151.2497988
4/1/2013,1,AndreasMadsen,"Copenhagen, Denmark",55.6867243,12.5700724
4/1/2013,6,rogerwang,"Shanghai, China",31.2253441,121.4888922
4/1/2013,2,owenc4a4,Shanghai,31.2253441,121.4888922
4/1/2013,4,shantanusharma,"New York, NY",40.7305991,-73.9865812
4/1/2013,3,josephsap,"Boulder, Colorado",40.0149856,-105.2705456
4/1/2013,15,hackedy,/dev/knoll,,
4/1/2013,4,WebReflection,San Francisco,37.7789601,-122.419199
4/1/2013,2,Zearin,Eastern U.S.A.,25.79087625,-80.30125066
4/1/2013,2,kaiquewdev,"Brazil, Sao Paulo, SP",-21.9549806,-49.0232348
4/1/2013,1,rgarcia,"San Francisco, CA",37.7789601,-122.419199
4/1/2013,6,facurubin,Argentina,-35.1124869,-65.241974
4/1/2013,3,sam-github,"Vancouver, BC, Canada",49.2608944,-123.1139383
4/1/2013,11,tjfontaine,"Alameda, CA",37.6090291,-121.899142
4/1/2013,2,johnko,Canada,61.0666922,-107.9917071
4/1/2013,71,bnoordhuis,"Gouda, the Netherlands",52.0114927,4.7106063
4/1/2013,3,paulfryzel,New York,40.7305991,-73.9865812
4/1/2013,2,sochotnicky,Czech Republic,49.8167003,15.4749544
4/1/2013,3,Niggler,NYC,40.7305991,-73.9865812
4/1/2013,29,zootella,mountain view | boulder | nyc | stockholm,,
4/1/2013,3,olof,"Lund, Sweden",55.7029296,13.1929449
4/1/2013,1,wanderview,"Washington, DC",47.51893955,-122.2956897
4/1/2013,2,nathan7,"Hoofddorp, Netherlands, Earth",,
4/1/2013,2,ephp,Livorno,43.5426309,10.3160295
4/1/2013,2,grncdr,"Victoria, BC",48.4283327,-123.3649269
4/1/2013,6,rmg,"Langley, BC, Canada",49.1,-122.65
4/1/2013,3,davepacheco,San Francisco,37.7789601,-122.419199
3/1/2013,82,bnoordhuis,"Gouda, the Netherlands",52.0114927,4.7106063
3/1/2013,1,fb55,"Karlsruhe, Germany",49.0105758,8.4041208
3/1/2013,13,piscisaureus,Amsterdam,52.3710088,4.9001115
3/1/2013,123,trevnorris,"Cupertino, CA",37.3230107,-122.0322519
3/1/2013,8,raymondfeng,"Fremont, CA",37.5482697,-121.9885719
3/1/2013,10,outsideris,"Seoul, South Korea",37.5710824,126.9953036
3/1/2013,2,mathiasbynens,Belgium,50.6407351,4.66696
3/1/2013,1,ichernev,Bulgaria,42.6073975,25.4856617
3/1/2013,1,ritch,"Fremont, California",37.5482697,-121.9885719
3/1/2013,1,nickleefly,Shanghai,31.2253441,121.4888922
3/1/2013,3,iapain,"Gdansk, Poland",54.3482259,18.6542888
3/1/2013,2,samsonjs,"Victoria, BC",48.4283327,-123.3649269
3/1/2013,6,hij1nx,NYC,40.7305991,-73.9865812
3/1/2013,2,josephsap,"Boulder, Colorado",40.0149856,-105.2705456
3/1/2013,14,tjfontaine,"Alameda, CA",37.6090291,-121.899142
3/1/2013,6,Jimbly,"San Jose, CA",37.3438502,-121.8831349
3/1/2013,3,iizukanao,Tokyo,35.69004135,139.5103951
3/1/2013,19,ephp,Livorno,43.5426309,10.3160295
3/1/2013,2,humanchimp,"San Francisco, CA",37.7789601,-122.419199
3/1/2013,1,Cauldrath,Pittsburgh,40.4416941,-79.9900861
3/1/2013,3,nathan7,"Hoofddorp, Netherlands, Earth",,
3/1/2013,151,isaacs,Oakland CA,37.8043808,-122.2708166
3/1/2013,1,mediocregopher,Gainesville,29.651907,-82.3247976
3/1/2013,2,apaprocki,"New York, NY",40.7305991,-73.9865812
3/1/2013,1,Sannis,"Moscow, Russia",55.4792046,37.3273304
3/1/2013,6,wanderview,"Washington, DC",47.51893955,-122.2956897
3/1/2013,31,indutny,Russia,64.6863136,97.7453061
3/1/2013,5,upsuper,"Shanghai, China",31.2253441,121.4888922
3/1/2013,3,othiym23,San Francisco,37.7789601,-122.419199
3/1/2013,1,misak113,Prague,50.084819,14.4177247
3/1/2013,3,jmadden85,Brooklyn,40.6501038,-73.9495823
3/1/2013,2,tonttu,Finland,63.2467777,25.9209164
3/1/2013,3,shama,"Napa, CA",38.2971367,-122.2855293
3/1/2013,1,fceller,Cologne,50.9374863,6.9580232
3/1/2013,1,Zert,"Russia, Novosibirsk",55.0282215,82.9234476
3/1/2013,2,edhemphill,"Austin, TX",30.2711286,-97.7436995
3/1/2013,9,mx4492,India,22.3511148,78.6677428
3/1/2013,3,juliangruber,Munich - Germany,48.1372719,11.5754815
3/1/2013,5,sblom,"Redmond, WA USA",47.6694141,-122.1238767
3/1/2013,5,ralphtheninja,"Linköping, Sweden",58.4098135,15.6245252
3/1/2013,1,bruston,UK,54.7023545,-3.2765753
3/1/2013,1,hiteshgupta88,India,22.3511148,78.6677428
3/1/2013,29,zootella,mountain view | boulder | nyc | stockholm,,
3/1/2013,4,KenanSulayman,"Berlin, Berlin, Germany",52.5170365,13.3888599
3/1/2013,2,stephank,The Netherlands,25.22453785,55.16235379
3/1/2013,2,karlfreeman,"London, United Kingdom",51.5072759,-0.1276597
3/1/2013,2,npcode,"Seoul, Republic of Korea",37.5710824,126.9953036
3/1/2013,3,rgarcia,"San Francisco, CA",37.7789601,-122.419199
3/1/2013,2,AndreasMadsen,"Copenhagen, Denmark",55.6867243,12.5700724
3/1/2013,13,koichik,Japan,36.5748441,139.2394179
3/1/2013,8,shantanusharma,"New York, NY",40.7305991,-73.9865812
3/1/2013,3,Niggler,NYC,40.7305991,-73.9865812
3/1/2013,1,EvanOxfeld,Northern VA,-3.8747486,36.46449887
3/1/2013,3,stuartpb,"Seattle, WA",47.6038321,-122.3300624
3/1/2013,1,Ferrari,Taiwan,24.7910087,121.533556
3/1/2013,2,newtondev,"Cape Town, South Africa",-33.9289049,18.4172485
3/1/2013,4,loganfsmyth,"San Francisco, CA",37.7789601,-122.419199
3/1/2013,12,TooTallNate,"San Rafael, CA",37.9735346,-122.5310874
3/1/2013,1,kenperkins,"Seattle, WA",47.6038321,-122.3300624
3/1/2013,3,jisqyv,"Cambridge, MA",42.3750997,-71.1056157
3/1/2013,3,mjijackson,California,36.7014631,-118.7559974
3/1/2013,6,meso,Tokyo/Japan,35.69004135,139.5103951
3/1/2013,1,carter-thaxton,"Portland, OR",45.5202471,-122.6741949
3/1/2013,2,liyanchang,San Francisco,37.7789601,-122.419199
3/1/2013,1,bjornstar,"Tokyo, Japan",35.69004135,139.5103951
3/1/2013,2,fastest963,"Gainesville, FL",29.651907,-82.3247976
3/1/2013,13,unkzdomain,"Cambridge, MA",42.3750997,-71.1056157
2/1/2013,3,pwnall,"Cambridge, MA",42.3750997,-71.1056157
2/1/2013,3,nickleefly,Shanghai,31.2253441,121.4888922
2/1/2013,179,trevnorris,"Cupertino, CA",37.3230107,-122.0322519
2/1/2013,9,johansyd,Oslo,59.9132694,10.7391112
2/1/2013,1,muriithi,"Nairobi, Kenya",-1.2832533,36.8172449
2/1/2013,2,dshaw,"San Francisco, CA",37.7789601,-122.419199
2/1/2013,1,pengguo,"Beijing, China",40.2505379,116.6250886
2/1/2013,6,andromedado,"Portland, OR",45.5202471,-122.6741949
2/1/2013,38,indutny,Russia,64.6863136,97.7453061
2/1/2013,2,ksdlck,"New York, New York, United States",40.7305991,-73.9865812
2/1/2013,1,mjijackson,California,36.7014631,-118.7559974
2/1/2013,1,marcelaraujo,Florianópolis/Santa Catarina,-27.5973002,-48.5496098
2/1/2013,3,Zert,"Russia, Novosibirsk",55.0282215,82.9234476
2/1/2013,109,isaacs,Oakland CA,37.8043808,-122.2708166
2/1/2013,1,kenperkins,"Seattle, WA",47.6038321,-122.3300624
2/1/2013,4,wanderview,"Washington, DC",47.51893955,-122.2956897
2/1/2013,71,bnoordhuis,"Gouda, the Netherlands",52.0114927,4.7106063
2/1/2013,2,lukebayes,"San Francisco, CA",37.7789601,-122.419199
2/1/2013,1,tjfontaine,Ohio,40.2253569,-82.6881395
2/1/2013,5,ithinkihaveacat,London,51.5072759,-0.1276597
2/1/2013,3,tonttu,Finland,63.2467777,25.9209164
2/1/2013,1,nin-jin,Saint-Petersburg,59.9393657,30.3153628
2/1/2013,2,ssuda,Bangalore,12.9793998,77.5903608
2/1/2013,1,shigeki,"Tokyo, Japan",35.69004135,139.5103951
2/1/2013,4,meso,Tokyo/Japan,35.69004135,139.5103951
2/1/2013,9,koichik,Japan,36.5748441,139.2394179
2/1/2013,1,Sannis,"Moscow, Russia",55.4792046,37.3273304
2/1/2013,1,nomospace,"Shanghai, China",31.2253441,121.4888922
2/1/2013,4,cistov,"London, UK",51.5072759,-0.1276597
2/1/2013,5,iam-TJ,UK,54.7023545,-3.2765753
2/1/2013,6,TooTallNate,"San Rafael, CA",37.9735346,-122.5310874
2/1/2013,2,juxta52,"Fairfax, VA",38.8462236,-77.3063733
2/1/2013,1,piboye,shenzhen@china,,
2/1/2013,4,jjingob,kampala,0.3162223,32.5821691
2/1/2013,1,coolaj86,"Provo, UT",40.2338438,-111.6585337
2/1/2013,10,AndreasMadsen,"Copenhagen, Denmark",55.6867243,12.5700724
2/1/2013,4,highlander411,"Orlando, Fl",28.5421175,-81.3790462
2/1/2013,1,mcolyer,"Redwood City, CA",37.4852152,-122.2363548
2/1/2013,3,hueniverse,"Los Gatos, CA",37.2333645,-121.9472731
2/1/2013,1,ftrvxmtrx,"Stockholm, Sweden",59.3251172,18.0710935
2/1/2013,1,Jimbly,"San Jose, CA",37.3438502,-121.8831349
2/1/2013,1,steveukx,London,51.5072759,-0.1276597
2/1/2013,1,CrabBot,"Mountain View, CA",37.3855745,-122.08205
2/1/2013,1,dankohn,"New York, NY",40.7305991,-73.9865812
2/1/2013,15,gonium,"Kaiserslautern, Germany",49.4432174,7.7689951
2/1/2013,9,zootella,mountain view | boulder | nyc | stockholm,,
2/1/2013,1,austinf,"Seattle, WA",47.6038321,-122.3300624
2/1/2013,1,joao-parana,Rio de Janeiro / RJ / Brasil,-22.9112163,-43.2093781
2/1/2013,2,outsideris,"Seoul, South Korea",37.5710824,126.9953036
2/1/2013,1,pooyasencha,"Vancouver, BC",49.2608944,-123.1139383
2/1/2013,1,francoiscolas,"Angers, France",47.4711708,-0.5517522
2/1/2013,5,johnko,Canada,61.0666922,-107.9917071
2/1/2013,2,bsnote,Chisinau,47.0122737,28.8605936
2/1/2013,1,rgarcia,"San Francisco, CA",37.7789601,-122.419199
2/1/2013,6,sblom,"Redmond, WA USA",47.6694141,-122.1238767
2/1/2013,3,ryuever,名古屋,35.183333,136.9
2/1/2013,6,tjfontaine,"Alameda, CA",37.6090291,-121.899142
2/1/2013,2,piscisaureus,Amsterdam,52.3710088,4.9001115
1/1/2013,1,yakubori,"North Carolina, USA",35.6729639,-79.0392919
1/1/2013,2,paulmillr,Ukraine,49.4871968,31.2718321
1/1/2013,1,NodePing,"Phoenix, AZ",33.4483772,-112.0740374
1/1/2013,3,misak113,Prague,50.084819,14.4177247
1/1/2013,1,jgable,"Chicago, IL",41.8756208,-87.6243706
1/1/2013,1,whizzter,Stockholm,59.3251172,18.0710935
1/1/2013,3,mharsch,"Denver, CO",39.7391536,-104.9847034
1/1/2013,2,bmeck,"Austin, Texas",30.2711286,-97.7436995
1/1/2013,3,deanm,"Berlin, Germany",52.5170365,13.3888599
1/1/2013,2,ftrvxmtrx,"Stockholm, Sweden",59.3251172,18.0710935
1/1/2013,2,nickleefly,Shanghai,31.2253441,121.4888922
1/1/2013,3,rogerwang,"Shanghai, China",31.2253441,121.4888922
1/1/2013,5,stephank,The Netherlands,25.22453785,55.16235379
1/1/2013,2,Orgil,Ulaanbaatar Mongolia,47.9462225,106.9759118
1/1/2013,5,meso,Tokyo/Japan,35.69004135,139.5103951
1/1/2013,3,chino,New Jersey,40.0757384,-74.4041622
1/1/2013,2,tricknotes,"Sapporo, Japan",43.0620475,141.35446
1/1/2013,12,rvagg,"South Coast NSW, Australia",-33.9912225,151.2497988
1/1/2013,1,cdent,"Newbury, UK",51.4020055,-1.3236425
1/1/2013,2,andyburke,"Los Angeles, CA",34.0536781,-118.2427025
1/1/2013,15,facurubin,Argentina,-35.1124869,-65.241974
1/1/2013,77,bnoordhuis,"Gouda, the Netherlands",52.0114927,4.7106063
1/1/2013,1,xionglun,Beijing,40.2505379,116.6250886
1/1/2013,1,abdul,"Kanpur, India",26.5,80
1/1/2013,6,wanderview,"Washington, DC",47.51893955,-122.2956897
1/1/2013,21,piscisaureus,Amsterdam,52.3710088,4.9001115
1/1/2013,55,indutny,Russia,64.6863136,97.7453061
1/1/2013,8,sblom,"Redmond, WA USA",47.6694141,-122.1238767
1/1/2013,1,karlfreeman,"London, United Kingdom",51.5072759,-0.1276597
1/1/2013,10,koichik,Japan,36.5748441,139.2394179
1/1/2013,1,chrisa,London,51.5072759,-0.1276597
1/1/2013,1,mmalecki,"Poznań, Poland",52.40039265,16.92021821
1/1/2013,19,fb55,"Karlsruhe, Germany",49.0105758,8.4041208
1/1/2013,2,glasser,"San Francisco, CA",37.7789601,-122.419199
1/1/2013,2,austinf,"Seattle, WA",47.6038321,-122.3300624
1/1/2013,1,Elzair,"Charlotte, MC",26.995053,-82.2225686
1/1/2013,125,trevnorris,California,36.7014631,-118.7559974
1/1/2013,1,jerem,"Paris, France",48.8565056,2.3521334
1/1/2013,106,trevnorris,"Cupertino, CA",37.3230107,-122.0322519
1/1/2013,1,nomospace,"Shanghai, China",31.2253441,121.4888922
1/1/2013,7,jessetane,New York,40.7305991,-73.9865812
1/1/2013,1,Pitel,"Brno, CZE",,
1/1/2013,2,Sannis,"Moscow, Russia",55.4792046,37.3273304
1/1/2013,9,TooTallNate,"San Rafael, CA",37.9735346,-122.5310874
1/1/2013,6,Raynos,San Francisco,37.7789601,-122.419199
1/1/2013,17,johnko,Canada,61.0666922,-107.9917071
1/1/2013,2,stuartpb,"Seattle, WA",47.6038321,-122.3300624
1/1/2013,1,marcelaraujo,Florianópolis/Santa Catarina,-27.5973002,-48.5496098
1/1/2013,1,phihag,Germany,51.0834196,10.4234469
1/1/2013,1,bitdeli-chef,"San Francisco,CA",37.7789601,-122.419199
1/1/2013,2,FZambia,"Moscow, Russia",55.4792046,37.3273304
1/1/2013,3,shigeki,"Tokyo, Japan",35.69004135,139.5103951
1/1/2013,16,highlander411,"Orlando, Fl",28.5421175,-81.3790462
1/1/2013,2,AndreasMadsen,"Copenhagen, Denmark",55.6867243,12.5700724
1/1/2013,1,snoj,Minnesota,45.9896587,-94.6113288
1/1/2013,1,danmilon,Greece,39.000041,21.9999569
1/1/2013,25,mikebarnhardt,"Orlando, FL",28.5421175,-81.3790462
1/1/2013,95,isaacs,Oakland CA,37.8043808,-122.2708166
1/1/2013,1,nikhilm,United States,39.7837304,-100.4458825
1/1/2013,14,Zert,"Russia, Novosibirsk",55.0282215,82.9234476
12/1/2012,3,rogerwang,"Shanghai, China",31.2253441,121.4888922
12/1/2012,1,blakmatrix,"Seattle, WA",47.6038321,-122.3300624
12/1/2012,1,subzey,"Rostov-on-Don, Russia",47.2248606,39.7022857
12/1/2012,1,mscdex,Ohio,40.2253569,-82.6881395
12/1/2012,106,isaacs,Oakland CA,37.8043808,-122.2708166
12/1/2012,4,deanm,"Berlin, Germany",52.5170365,13.3888599
12/1/2012,1,LimoWanKenobi,D.F. México,19.5015183,-99.117422
12/1/2012,1,ctrochalakis,"Athens, Greece",37.9841493,23.7279843
12/1/2012,2,koichik,Japan,36.5748441,139.2394179
12/1/2012,8,mmalecki,"Poznań, Poland",52.40039265,16.92021821
12/1/2012,1,qbit,"Pueblo, CO",38.2544472,-104.609141
12/1/2012,1,langpavel,"Rychnov nad Kněžnou, Czech Republic",50.1631069,16.274837
12/1/2012,1,naholyr,Villefranche-sur-Saône,45.9864749,4.726611
12/1/2012,2,david-dever-23-box,Indianapolis IN USA,39.7683795,-86.1580447
12/1/2012,7,tricknotes,"Sapporo, Japan",43.0620475,141.35446
12/1/2012,2,stephank,The Netherlands,25.22453785,55.16235379
12/1/2012,2,TooTallNate,"San Rafael, CA",37.9735346,-122.5310874
12/1/2012,1,ralphtheninja,"Linköping, Sweden",58.4098135,15.6245252
12/1/2012,1,Elzair,"Charlotte, MC",26.995053,-82.2225686
12/1/2012,7,JamesHight,"Cincinnati, OH",39.1014537,-84.5124602
12/1/2012,6,alFReD-NSH,Kuala Lumpur,3.13871025,101.6820995
12/1/2012,1,wanderview,"Washington, DC",47.51893955,-122.2956897
12/1/2012,1,vladimirfedorov,"Tyumen, Russia",57.1369473,65.5819746
12/1/2012,1,xionglun,Beijing,40.2505379,116.6250886
12/1/2012,2,meso,Tokyo/Japan,35.69004135,139.5103951
12/1/2012,3,jrozner,Los Angeles,34.0536781,-118.2427025
12/1/2012,2,nomospace,"Shanghai, China",31.2253441,121.4888922
12/1/2012,5,jessetane,New York,40.7305991,-73.9865812
12/1/2012,41,indutny,Russia,64.6863136,97.7453061
12/1/2012,1,edhemphill,"Austin, TX",30.2711286,-97.7436995
12/1/2012,13,piscisaureus,Amsterdam,52.3710088,4.9001115
12/1/2012,1,jhnns,"Augsburg, Germany",48.3668041,10.8986971
12/1/2012,2,tjfontaine,Ohio,40.2253569,-82.6881395
12/1/2012,1,bobrik,"St. Petersburg, Russia",59.9393657,30.3153628
12/1/2012,3,sblom,"Redmond, WA USA",47.6694141,-122.1238767
12/1/2012,5,AndreasMadsen,"Copenhagen, Denmark",55.6867243,12.5700724
12/1/2012,3,bentaber,"Boulder, CO",40.0149856,-105.2705456
12/1/2012,3,zcbenz,Shanghai,31.2253441,121.4888922
12/1/2012,63,bnoordhuis,"Gouda, the Netherlands",52.0114927,4.7106063
12/1/2012,2,qxfusion,Costa-Rica,10.2735633,-84.0739102
12/1/2012,7,nickleefly,Shanghai,31.2253441,121.4888922
12/1/2012,12,greathan,"Beijing, China",40.2505379,116.6250886
12/1/2012,8,mikebarnhardt,"Orlando, FL",28.5421175,-81.3790462
12/1/2012,28,trevnorris,California,36.7014631,-118.7559974
12/1/2012,2,st-luke,NYC,40.7305991,-73.9865812
12/1/2012,1,sugendran,"Sydney, Australia",-33.8548157,151.2164539
12/1/2012,1,Pandark,France,46.603354,1.8883335
12/1/2012,4,xldrkp,Hamburg,53.5503414,10.000654
11/1/2012,1,meso,Tokyo/Japan,35.69004135,139.5103951
11/1/2012,13,zcbenz,Shanghai,31.2253441,121.4888922
11/1/2012,1,axiak,"Cambridge, MA",42.3750997,-71.1056157
11/1/2012,2,dshaw,"San Francisco, CA",37.7789601,-122.419199
11/1/2012,10,sblom,"Redmond, WA USA",47.6694141,-122.1238767
11/1/2012,2,ksdlck,"New York, New York, United States",40.7305991,-73.9865812
11/1/2012,1,jessetane,New York,40.7305991,-73.9865812
11/1/2012,3,vladimirfedorov,"Tyumen, Russia",57.1369473,65.5819746
11/1/2012,2,huckphin,"Mountain View, CA",37.3855745,-122.08205
11/1/2012,2,phillipbroberts,"Fairborn, OH",39.8066035,-84.01005794
11/1/2012,1,Jimbly,"San Jose, CA",37.3438502,-121.8831349
11/1/2012,1,darashi,"Sapporo, Hokkaido, Japan",43.0620475,141.35446
11/1/2012,1,fat-crocodile,Russia,64.6863136,97.7453061
11/1/2012,2,davidmurdoch,Florida,27.7567667,-81.4639835
11/1/2012,1,adammw,"Melbourne, Australia",-37.8142176,144.9631608
11/1/2012,1,phelipemaia,Brazil,-8.4666145,-51.3333976
11/1/2012,4,TooTallNate,"San Rafael, CA",37.9735346,-122.5310874
11/1/2012,1,jeffbski,"St. Louis, MO (USA)",38.6272733,-90.1978889
11/1/2012,28,isaacs,Oakland CA,37.8043808,-122.2708166
11/1/2012,9,trevnorris,California,36.7014631,-118.7559974
11/1/2012,1,boopathi,Mumbai,18.9523804,72.8327112
11/1/2012,4,rogerwang,"Shanghai, China",31.2253441,121.4888922
11/1/2012,1,damianb,"Illinois, United States",40.0796319,-89.4339809
11/1/2012,1,newghost,Shanghai,31.2253441,121.4888922
11/1/2012,11,piscisaureus,Amsterdam,52.3710088,4.9001115
11/1/2012,41,bnoordhuis,"Gouda, the Netherlands",52.0114927,4.7106063
11/1/2012,1,smfreegard,UK,54.7023545,-3.2765753
11/1/2012,1,marcelaraujo,Florianópolis/Santa Catarina,-27.5973002,-48.5496098
11/1/2012,3,outsideris,"Seoul, South Korea",37.5710824,126.9953036
11/1/2012,2,shigeki,"Tokyo, Japan",35.69004135,139.5103951
11/1/2012,3,karlfreeman,"London, United Kingdom",51.5072759,-0.1276597
11/1/2012,2,langpavel,"Rychnov nad Kněžnou, Czech Republic",50.1631069,16.274837
11/1/2012,6,AlainGauthier,Montreal,45.5224507,-73.5912827
11/1/2012,1,ronkorving,Tokyo,35.69004135,139.5103951
11/1/2012,1,NodePing,"Phoenix, AZ",33.4483772,-112.0740374
11/1/2012,1,renorzr,Shanghai,31.2253441,121.4888922
11/1/2012,2,muriithi,"Nairobi, Kenya",-1.2832533,36.8172449
11/1/2012,1,sadjow,"Natal RN, Brazil",-5.805398,-35.2080905
11/1/2012,3,koichik,Japan,36.5748441,139.2394179
11/1/2012,1,mbarinov,"Saint-Petersburg, Russia",59.9393657,30.3153628
10/1/2012,5,apaprocki,"New York, NY",40.7305991,-73.9865812
10/1/2012,5,AndreasMadsen,"Copenhagen, Denmark",55.6867243,12.5700724
10/1/2012,1,outsideris,"Seoul, South Korea",37.5710824,126.9953036
10/1/2012,2,marcelaraujo,Florianópolis/Santa Catarina,-27.5973002,-48.5496098
10/1/2012,1,iapain,Germany/Poland,51.5419629,16.4477431
10/1/2012,1,philips,"San Francisco, CA",37.7789601,-122.419199
10/1/2012,1,polotek,"San Francisco, CA",37.7789601,-122.419199
10/1/2012,2,novemberborn,"London, UK",51.5072759,-0.1276597
10/1/2012,2,olalonde,"Shenzhen, China & Montreal, Canada",22.5462321,114.0570068
10/1/2012,1,mgirouard,"Winter Park, FL",28.600154,-81.34275672
10/1/2012,1,TrystanLea,"Snowdonia, North Wales",53.1191294,-4.1258163
10/1/2012,1,serby,London,51.5072759,-0.1276597
10/1/2012,1,morkai,Poland,52.0977181,19.0258159
10/1/2012,5,sblom,"Redmond, WA USA",47.6694141,-122.1238767
10/1/2012,6,ssuda,Bangalore,12.9793998,77.5903608
10/1/2012,7,langpavel,"Rychnov nad Kněžnou, Czech Republic",50.1631069,16.274837
10/1/2012,1,jacobsa,"Sydney, Australia",-33.8548157,151.2164539
10/1/2012,1,dilipray,"Hyderabad,IN",25.3800664,68.3750066
10/1/2012,2,aadityabhatia,"Silicon Valley, CA",49.1792735,-0.3945668094
10/1/2012,1,shlevy,"Rochester, NY",43.1572851,-77.6152141
10/1/2012,2,koush,"Seattle, WA",47.6038321,-122.3300624
10/1/2012,1,mdcuesta,"Cebu, Philippines",10.45,123.84
10/1/2012,17,piscisaureus,Amsterdam,52.3710088,4.9001115
10/1/2012,4,ItsAsbreuk,"Bentelo, Netherlands",52.2269323,6.6829501
10/1/2012,11,TooTallNate,"San Rafael, CA",37.9735346,-122.5310874
10/1/2012,1,maxogden,"Oakland, CA",37.8043808,-122.2708166
10/1/2012,2,Jimbly,"San Jose, CA",37.3438502,-121.8831349
10/1/2012,9,zcbenz,Shanghai,31.2253441,121.4888922
10/1/2012,3,dshaw,"San Francisco, CA",37.7789601,-122.419199
10/1/2012,1,visionmedia,"Victoria, BC, Canada",48.4283327,-123.3649269
10/1/2012,1,h4ck3rm1k3,"Offenbach am Main, Germany",50.0887662,8.7662861
10/1/2012,4,snoj,Minnesota,45.9896587,-94.6113288
10/1/2012,3,shigeki,"Tokyo, Japan",35.69004135,139.5103951
10/1/2012,1,aslakhellesoy,"London, UK",51.5072759,-0.1276597
10/1/2012,1,jonschlinkert,"Cincinnati, OH",39.1014537,-84.5124602
10/1/2012,4,fredericosilva,"Lisbon, Portugal",38.7130574,-9.1380056
10/1/2012,1,mjijackson,California,36.7014631,-118.7559974
10/1/2012,1,kbence,Budapest,47.4983815,19.0404707
10/1/2012,3,AlexeyKupershtokh,"Novosibirsk, Russia",55.0282215,82.9234476
10/1/2012,1,Paretzky,"Oswego, NY",43.4112973,-76.1279841
10/1/2012,4,koichik,Japan,36.5748441,139.2394179
10/1/2012,2,meso,Tokyo/Japan,35.69004135,139.5103951
10/1/2012,3,coltrane,"Raleigh, NC",35.7804015,-78.6390779
10/1/2012,3,jensens,Innsbruck,47.2654296,11.3927685
10/1/2012,61,bnoordhuis,"Gouda, the Netherlands",52.0114927,4.7106063
10/1/2012,77,isaacs,Oakland CA,37.8043808,-122.2708166
10/1/2012,1,fengmk2,"Hangzhou, China",30.2665643,120.149335
10/1/2012,2,tonttu,Finland,63.2467777,25.9209164
10/1/2012,1,Sannis,"Moscow, Russia",55.4792046,37.3273304
10/1/2012,9,indutny,Russia,64.6863136,97.7453061
10/1/2012,5,nickleefly,Shanghai,31.2253441,121.4888922
10/1/2012,1,janl,"Berlin, Germany",52.5170365,13.3888599
10/1/2012,1,adammw,"Melbourne, Australia",-37.8142176,144.9631608
10/1/2012,3,rngadam,Shanghai,31.2253441,121.4888922
10/1/2012,3,deanm,"Berlin, Germany",52.5170365,13.3888599
9/1/2012,20,koichik,Japan,36.5748441,139.2394179
9/1/2012,2,tonttu,Finland,63.2467777,25.9209164
9/1/2012,22,langpavel,"Rychnov nad Kněžnou, Czech Republic",50.1631069,16.274837
9/1/2012,4,Sannis,"Moscow, Russia",55.4792046,37.3273304
9/1/2012,12,piscisaureus,Amsterdam,52.3710088,4.9001115
9/1/2012,2,shlevy,"Rochester, NY",43.1572851,-77.6152141
9/1/2012,2,fwg,Berlin,52.5170365,13.3888599
9/1/2012,4,bobrik,"St. Petersburg, Russia",59.9393657,30.3153628
9/1/2012,21,TooTallNate,"San Rafael, CA",37.9735346,-122.5310874
9/1/2012,2,alpane,"Denver, CO",39.7391536,-104.9847034
9/1/2012,2,robertlmullen74,"Denver, CO",39.7391536,-104.9847034
9/1/2012,3,nomospace,"Shanghai, China",31.2253441,121.4888922
9/1/2012,2,fb55,"Kassel, Germany",51.3090209,9.4762981
9/1/2012,16,outsideris,"Seoul, South Korea",37.5710824,126.9953036
9/1/2012,1,bewest,San Francisco,37.7789601,-122.419199
9/1/2012,12,indutny,Russia,64.6863136,97.7453061
9/1/2012,39,koush,"Seattle, WA",47.6038321,-122.3300624
9/1/2012,1,mjijackson,California,36.7014631,-118.7559974
9/1/2012,1,qbit,"Pueblo, CO",38.2544472,-104.609141
9/1/2012,48,isaacs,Oakland CA,37.8043808,-122.2708166
9/1/2012,20,Jimbly,"San Jose, CA",37.3438502,-121.8831349
9/1/2012,77,bnoordhuis,"Gouda, the Netherlands",52.0114927,4.7106063
9/1/2012,4,bentaber,"Boulder, CO",40.0149856,-105.2705456
9/1/2012,4,dscape,Portugal,40.033265,-7.8896263
9/1/2012,3,h4ck3rm1k3,"Offenbach am Main, Germany",50.0887662,8.7662861
9/1/2012,1,marcelaraujo,Florianópolis/Santa Catarina,-27.5973002,-48.5496098
9/1/2012,8,meso,Tokyo/Japan,35.69004135,139.5103951
9/1/2012,2,sadasant,Venezuela,8.0018709,-66.1109318
9/1/2012,4,jrozner,Los Angeles,34.0536781,-118.2427025
9/1/2012,2,atsuya,"Playa del Rey, California",33.9550828,-118.4367496
9/1/2012,2,alex-seville,Montreal,45.5224507,-73.5912827
9/1/2012,8,Youhana-Hana,"Oxford, UK",51.7521553,-1.2582135
9/1/2012,4,Hello71,"Toronto, Ontario, Canada",43.6529206,-79.3849008
9/1/2012,2,dshaw,"San Francisco, CA",37.7789601,-122.419199
9/1/2012,2,oddmarthon-lende,Norway,65.8481486,13.4765575
9/1/2012,5,zcbenz,Shanghai,31.2253441,121.4888922
9/1/2012,4,shigeki,"Tokyo, Japan",35.69004135,139.5103951
9/1/2012,1,nickleefly,Shanghai,31.2253441,121.4888922
9/1/2012,3,algorithme,"lausanne, switzerland",46.5218269,6.6327025
8/1/2012,16,tjfontaine,Ohio,40.2253569,-82.6881395
8/1/2012,10,shama,"Kelseyville, CA",38.965062,-122.8371465
8/1/2012,8,ronkorving,Tokyo,35.69004135,139.5103951
8/1/2012,6,jmatthewsr-ms,"Palo Alto, CA",37.442156,-122.1634472
8/1/2012,2,npenin,France,46.603354,1.8883335
8/1/2012,32,shigeki,"Tokyo, Japan",35.69004135,139.5103951
8/1/2012,8,AndreasMadsen,"Copenhagen, Denmark",55.6867243,12.5700724
8/1/2012,44,zcbenz,Shanghai,31.2253441,121.4888922
8/1/2012,4,dannycoates,"San Francisco, CA",37.7789601,-122.419199
8/1/2012,4,mdcuesta,"Cebu, Philippines",10.45,123.84
8/1/2012,2,mjijackson,California,36.7014631,-118.7559974
8/1/2012,8,Ayms,France,46.603354,1.8883335
8/1/2012,8,langpavel,"Rychnov nad Kněžnou, Czech Republic",50.1631069,16.274837
8/1/2012,8,masterrr,Minsk,53.902253,27.561863
8/1/2012,22,koichik,Japan,36.5748441,139.2394179
8/1/2012,4,althjs,"Seoul, Korea",37.5710824,126.9953036
8/1/2012,14,dshaw,"San Francisco, CA",37.7789601,-122.419199
8/1/2012,14,meso,Tokyo/Japan,35.69004135,139.5103951
8/1/2012,8,perlt,china,35.000074,104.999927
8/1/2012,12,stephank,The Netherlands,25.22453785,55.16235379
8/1/2012,14,snoj,Minnesota,45.9896587,-94.6113288
8/1/2012,4,davepacheco,San Francisco,37.7789601,-122.419199
8/1/2012,2,novemberborn,"London, UK",51.5072759,-0.1276597
8/1/2012,16,nopnop,France,46.603354,1.8883335
8/1/2012,4,outsideris,"Seoul, South Korea",37.5710824,126.9953036
8/1/2012,8,shlevy,"Rochester, NY",43.1572851,-77.6152141
8/1/2012,186,isaacs,Oakland CA,37.8043808,-122.2708166
8/1/2012,6,goloroden,"Riegel am Kaiserstuhl, Germany",48.1507263,7.750441
8/1/2012,2,pooyasencha,"Vancouver, BC",49.2608944,-123.1139383
8/1/2012,24,cadorn,Canada,61.0666922,-107.9917071
8/1/2012,192,bnoordhuis,"Gouda, the Netherlands",52.0114927,4.7106063
8/1/2012,4,ry,"San Francisco, CA",37.7789601,-122.419199
8/1/2012,8,crazyrobot,Israel,30.8760272,35.0015196
8/1/2012,96,TooTallNate,"San Rafael, CA",37.9735346,-122.5310874
8/1/2012,6,mscdex,Ohio,40.2253569,-82.6881395
8/1/2012,2,tralamazza,Switzerland,46.7985624,8.2319736
8/1/2012,2,abi,"Stanford, California",37.4266268,-122.1701137
8/1/2012,4,bjouhier,Paris,48.8565056,2.3521334
8/1/2012,6,Sannis,"Moscow, Russia",55.4792046,37.3273304
8/1/2012,2,justmoon,Switzerland,46.7985624,8.2319736
8/1/2012,20,indutny,Russia,64.6863136,97.7453061
8/1/2012,8,marcelaraujo,Florianópolis/Santa Catarina,-27.5973002,-48.5496098
8/1/2012,4,mgirouard,"Winter Park, FL",28.600154,-81.34275672
8/1/2012,52,stolsma,The Netherlands,25.22453785,55.16235379
8/1/2012,2,adammw,"Melbourne, Australia",-37.8142176,144.9631608
8/1/2012,4,tomconder,A twisty maze near St Louis MO USA,,
8/1/2012,2,mcavage,"Seattle, WA",47.6038321,-122.3300624
8/1/2012,16,nomospace,Shanghai,31.2253441,121.4888922
7/1/2012,16,adammw,"Melbourne, Australia",-37.8142176,144.9631608
7/1/2012,4,mexpolk,"San Francisco, CA",37.7789601,-122.419199
7/1/2012,8,AelMalinka,"Holland, Michigan",42.7876022,-86.1090828
7/1/2012,4,phihag,Germany,51.0834196,10.4234469
7/1/2012,2,eisenkdr,Berlin,52.5170365,13.3888599
7/1/2012,6,joeandaverde,Kansas City,39.0844687,-94.5630298
7/1/2012,6,Sannis,"Moscow, Russia",55.4792046,37.3273304
7/1/2012,14,tjfontaine,Ohio,40.2253569,-82.6881395
7/1/2012,2,bigeasy,"Faubourg St John, New Orleans, LA",29.9794833,-90.0862307
7/1/2012,2,oldhu,Beijing,40.2505379,116.6250886
7/1/2012,6,mgirouard,"Winter Park, FL",28.600154,-81.34275672
7/1/2012,118,bnoordhuis,"Gouda, the Netherlands",52.0114927,4.7106063
7/1/2012,6,shigeki,"Tokyo, Japan",35.69004135,139.5103951
7/1/2012,14,dominictarr,New Zealand,-41.3116998,174.9746507
7/1/2012,2,timcameronryan,coast to coast,50.2665215,-5.2338427
7/1/2012,2,mscdex,Ohio,40.2253569,-82.6881395
7/1/2012,16,TooTallNate,"San Rafael, CA",37.9735346,-122.5310874
7/1/2012,2,skidding,"Bucharest, Romania",44.436139,26.1027436
7/1/2012,58,indutny,Russia,64.6863136,97.7453061
7/1/2012,4,catshow,"Washington, DC",47.51893955,-122.2956897
7/1/2012,2,AsylumArkham,"Chihuahua, Mexico",28.5000001,-106.0000001
7/1/2012,8,davepacheco,San Francisco,37.7789601,-122.419199
7/1/2012,2,mdcuesta,"Cebu, Philippines",10.45,123.84
7/1/2012,2,Jimbly,"San Jose, CA",37.3438502,-121.8831349
7/1/2012,2,diegocoll,argentina,-35.1124869,-65.241974
7/1/2012,4,DamonOehlman,"Brisbane, Australia",-27.4689682,153.0234991
7/1/2012,10,Kami,San Francisco,37.7789601,-122.419199
7/1/2012,2,gflarity,Toronto,43.6529206,-79.3849008
7/1/2012,2,tralamazza,Switzerland,46.7985624,8.2319736
7/1/2012,2,mjijackson,California,36.7014631,-118.7559974
7/1/2012,14,meso,Tokyo/Japan,35.69004135,139.5103951
7/1/2012,2,dshaw,"San Francisco, CA",37.7789601,-122.419199
7/1/2012,26,langpavel,"Rychnov nad Kněžnou, Czech Republic",50.1631069,16.274837
7/1/2012,2,adamramadhan,Indonesia,-4.7993356,114.5632032
7/1/2012,154,isaacs,Oakland CA,37.8043808,-122.2708166
7/1/2012,6,nikhilsimha,Mumbai,18.9523804,72.8327112
7/1/2012,2,rvagg,"South Coast NSW, Australia",-33.9912225,151.2497988
7/1/2012,16,pismute,Korea,40.3123959,127.399971
7/1/2012,2,VanCoding,Lieli LU CH,47.2079198,8.2992079
7/1/2012,14,mmalecki,"Poznań, Poland",52.40039265,16.92021821
7/1/2012,22,koichik,Japan,36.5748441,139.2394179
7/1/2012,4,austinbv,"Boulder, Colorado",40.0149856,-105.2705456
7/1/2012,16,AndreasMadsen,"Copenhagen, Denmark",55.6867243,12.5700724
7/1/2012,6,novemberborn,"London, UK",51.5072759,-0.1276597
7/1/2012,2,japj,Netherlands,52.5001698,5.7480821
7/1/2012,2,maxdeliso,"State College, PA",40.794026,-77.8606975
7/1/2012,2,mathiasbynens,Belgium,50.6407351,4.66696
7/1/2012,2,magicmonkey,UK,54.7023545,-3.2765753
7/1/2012,2,Jxck,Japan,36.5748441,139.2394179
7/1/2012,4,oddmarthon-lende,Norway,65.8481486,13.4765575
7/1/2012,8,venkatperi,"Boston, MA",42.3604823,-71.0595678
7/1/2012,2,polotek,"San Francisco, CA",37.7789601,-122.419199
7/1/2012,38,outsideris,"Seoul, South Korea",37.5710824,126.9953036
7/1/2012,2,npcode,"Seoul, Republic of Korea",37.5710824,126.9953036
6/1/2012,12,pgte,"PT, Madeira",32.7608396,-16.94307971
6/1/2012,19,Jimbly,"San Jose, CA",37.3438502,-121.8831349
6/1/2012,2,lambgao,S,47.8001977,13.0410592
6/1/2012,18,migounette,France,46.603354,1.8883335
6/1/2012,3,bjyoungblood,"Tucson, Arizona",32.2217429,-110.926479
6/1/2012,32,itaylor,"Amsterdam, NL",52.3710088,4.9001115
6/1/2012,8,pksunkara,"Chennai, India",13.0112192,80.40240757
6/1/2012,6,btrask,"Durham, NC",35.9940329,-78.898619
6/1/2012,2,refractalize,London,51.5072759,-0.1276597
6/1/2012,2,nurzico,"Dhaka, Bangladesh",23.7282161,90.4098792
6/1/2012,2,DarrenMowat,"Glasgow, UK",55.861147,-4.2499891
6/1/2012,6,ithinkihaveacat,London,51.5072759,-0.1276597
6/1/2012,4,dannycoates,"San Francisco, CA",37.7789601,-122.419199
6/1/2012,13,igorzi,"Redmond, WA",47.6694141,-122.1238767
6/1/2012,14,Southern,"NC, USA",35.6729639,-79.0392919
6/1/2012,2,felixge,"Berlin, Germany",52.5170365,13.3888599
6/1/2012,2,TobyEalden,"London, UK",51.5072759,-0.1276597
6/1/2012,2,pankajmi,Bangalore,12.9793998,77.5903608
6/1/2012,10,adrianbanks,"Cambridge, UK",52.2033051,0.124862
6/1/2012,2,MonsieurLu,France,46.603354,1.8883335
6/1/2012,18,AndreasMadsen,Denmark,55.670249,10.3333283
6/1/2012,14,shama,"Kelseyville, CA",38.965062,-122.8371465
6/1/2012,6,dshaw,"San Francisco, CA",37.7789601,-122.419199
6/1/2012,64,japj,Netherlands,52.5001698,5.7480821
6/1/2012,3,einaros,"Oslo, Norway",59.9132694,10.7391112
6/1/2012,16,outsideris,"Seoul, South Korea",37.5710824,126.9953036
6/1/2012,407,isaacs,Oakland CA,37.8043808,-122.2708166
6/1/2012,12,meso,Tokyo/Japan,35.69004135,139.5103951
6/1/2012,2,frogstarr78,"Milton-Freewater, OR",45.9326346,-118.3877435
6/1/2012,6,timoxley,Brisbane,-27.4689682,153.0234991
6/1/2012,3,sstur,"Brisbane, Australia",-27.4689682,153.0234991
6/1/2012,13,novemberborn,"London, UK",51.5072759,-0.1276597
6/1/2012,4,thiagoarrais,Recife - Brazil,-8.0581077,-34.8979047
6/1/2012,22,Sannis,"Moscow, Russia",55.4792046,37.3273304
6/1/2012,172,bnoordhuis,"Gouda, the Netherlands",52.0114927,4.7106063
6/1/2012,2,hrjonashansen,Aalborg,57.0482206,9.9193939
6/1/2012,59,indutny,Russia,64.6863136,97.7453061
6/1/2012,2,mhart,"Melbourne, Australia",-37.8142176,144.9631608
6/1/2012,4,visionmedia,"Victoria, BC, Canada",48.4283327,-123.3649269
6/1/2012,2,joeshaw,"Cambridge, MA",42.3750997,-71.1056157
6/1/2012,27,koichik,Japan,36.5748441,139.2394179
6/1/2012,2,bahamas10,San Francisco Bay,37.708264,-122.280247
6/1/2012,11,reid,Yay Area,19.73874825,96.08600136
6/1/2012,10,mathiasbynens,Belgium,50.6407351,4.66696
6/1/2012,3,jhs,"Bangkok, Thailand",13.5859271,100.416084
6/1/2012,2,Skomski,"Berlin, Germany",52.5170365,13.3888599
6/1/2012,4,alastairs,"Cambridge, UK",52.2033051,0.124862
6/1/2012,6,jimmypw,London,51.5072759,-0.1276597
6/1/2012,2,SjB,London Ontario Canada,42.988097,-81.2460295
6/1/2012,5,dscape,Portugal,40.033265,-7.8896263
6/1/2012,15,jasonknight,France,46.603354,1.8883335
6/1/2012,6,mjijackson,"San Francisco, CA",37.7789601,-122.419199
6/1/2012,2,oddmarthon-lende,Norway,65.8481486,13.4765575
6/1/2012,24,TooTallNate,"San Rafael, CA",37.9735346,-122.5310874
6/1/2012,2,vincentalindogan,"Santa Barbara, CA",34.4098107,-119.6970239
6/1/2012,18,RetroFOX,"Cipolletti, Río Negro, Argentina",-38.9355475,-67.990978
6/1/2012,2,adamramadhan,Indonesia,-4.7993356,114.5632032
6/1/2012,3,deniskin82,"Boston, MA",42.3604823,-71.0595678
6/1/2012,20,AvianFlu,"San Francisco, CA",37.7789601,-122.419199
6/1/2012,6,coolaj86,"Provo, UT",40.2338438,-111.6585337
6/1/2012,6,wavded,"Eau Claire, WI",44.811349,-91.4984941
6/1/2012,3,jeremybarnes,Montreal,45.5224507,-73.5912827
6/1/2012,2,tralamazza,Switzerland,46.7985624,8.2319736
6/1/2012,8,mmalecki,"Poznań, Poland",52.40039265,16.92021821
6/1/2012,4,mjijackson,California,36.7014631,-118.7559974
6/1/2012,3,polotek,"San Francisco, CA",37.7789601,-122.419199
6/1/2012,17,shigeki,"Tokyo, Japan",35.69004135,139.5103951
5/1/2012,12,meso,Tokyo/Japan,35.69004135,139.5103951
5/1/2012,9,coltrane,"Raleigh, NC",35.7804015,-78.6390779
5/1/2012,6,bts,"san francisco, ca",37.7789601,-122.419199
5/1/2012,3,MonsieurLu,"Lille, France",50.6305089,3.0706414
5/1/2012,3,Skomski,"Berlin, Germany",52.5170365,13.3888599
5/1/2012,6,novemberborn,"London, UK",51.5072759,-0.1276597
5/1/2012,6,mjijackson,"San Francisco, CA",37.7789601,-122.419199
5/1/2012,3,mmalecki,"Poznań, Poland",52.40039265,16.92021821
5/1/2012,51,indutny,Russia,64.6863136,97.7453061
5/1/2012,9,pyrotechnick,"Brisbane, Australia",-27.4689682,153.0234991
5/1/2012,12,japj,Netherlands,52.5001698,5.7480821
5/1/2012,6,usernameIsAlreadyTaken,SHANGHAI,31.2253441,121.4888922
5/1/2012,3,frogstarr78,"Milton-Freewater, OR",45.9326346,-118.3877435
5/1/2012,3,shama,"Kelseyville, CA",38.965062,-122.8371465
5/1/2012,3,xenyou,"Saitama, Japan",36.01852445,139.2814271
5/1/2012,18,igorzi,"Redmond, WA",47.6694141,-122.1238767
5/1/2012,3,ssuda,Bangalore,12.9793998,77.5903608
5/1/2012,6,bluesmoon,"Sunnyvale, CA",37.3688301,-122.0363496
5/1/2012,9,philips,"San Francisco, CA",37.7789601,-122.419199
5/1/2012,3,shtylman,NYC,40.7305991,-73.9865812
5/1/2012,3,jameskoval,St. Louis,38.6272733,-90.1978889
5/1/2012,3,sdqali,Bangalore,12.9793998,77.5903608
5/1/2012,3,laverdet,"Tokyo, JP",35.69004135,139.5103951
5/1/2012,3,vvo,"Paris, france",48.8565056,2.3521334
5/1/2012,3,mcavage,"Seattle, WA",47.6038321,-122.3300624
5/1/2012,21,TooTallNate,"San Rafael, CA",37.9735346,-122.5310874
5/1/2012,3,lwille,Rendsburg@Germany,,
5/1/2012,51,koichik,Japan,36.5748441,139.2394179
5/1/2012,6,davepacheco,San Francisco,37.7789601,-122.419199
5/1/2012,39,FB55,"Kassel, DE",51.3090209,9.4762981
5/1/2012,3,innoying,Minnesota,45.9896587,-94.6113288
5/1/2012,3,otavio,Brazil,-8.4666145,-51.3333976
5/1/2012,9,npcode,Seoul,37.5710824,126.9953036
5/1/2012,39,AndreasMadsen,Denmark,55.670249,10.3333283
5/1/2012,3,qxfusion,Costa-Rica,10.2735633,-84.0739102
5/1/2012,9,yosefd,Israel,30.8760272,35.0015196
5/1/2012,3,mathiasbynens,Belgium,50.6407351,4.66696
5/1/2012,3,deniskin82,"Boston, MA",42.3604823,-71.0595678
5/1/2012,3,Jimbly,"San Jose, CA",37.3438502,-121.8831349
5/1/2012,3,tricknotes,"Sapporo, Japan",43.0620475,141.35446
5/1/2012,3,alFReD-NSH,Kuala Lumpur,3.13871025,101.6820995
5/1/2012,3,Kami,San Francisco,37.7789601,-122.419199
5/1/2012,18,shigeki,"Tokyo, Japan",35.69004135,139.5103951
5/1/2012,18,mranney,"Oakland, CA",37.8043808,-122.2708166
5/1/2012,3,ericz,Berkeley,37.8708789,-122.2728247
5/1/2012,27,hrjonashansen,Aalborg,57.0482206,9.9193939
5/1/2012,222,isaacs,Oakland CA,37.8043808,-122.2708166
5/1/2012,3,Southern,"NC, USA",35.6729639,-79.0392919
5/1/2012,216,bnoordhuis,"Gouda, the Netherlands",52.0114927,4.7106063
5/1/2012,12,magicmonkey,UK,54.7023545,-3.2765753
5/1/2012,36,Sannis,"Moscow, Russia",55.4792046,37.3273304
5/1/2012,30,felixge,"Berlin, Germany",52.5170365,13.3888599
5/1/2012,6,adammw,"Melbourne, Australia",-37.8142176,144.9631608
4/1/2012,9,davepacheco,San Francisco,37.7789601,-122.419199
4/1/2012,6,magicmonkey,UK,54.7023545,-3.2765753
4/1/2012,6,ggreer,"San Francisco, CA",37.7789601,-122.419199
4/1/2012,27,ErikDubbelboer,"Utrecht, Netherlands",52.0959423,5.1104136
4/1/2012,3,mtscout6,"Salt Lake City, Utah",40.7606467,-111.89109
4/1/2012,3,springmeyer,Seattle,47.6038321,-122.3300624
4/1/2012,15,thiagoarrais,Recife - Brazil,-8.0581077,-34.8979047
4/1/2012,6,tjfontaine,Ohio,40.2253569,-82.6881395
4/1/2012,3,AelMalinka,"Holland, Michigan",42.7876022,-86.1090828
4/1/2012,21,nfriedly,"San Mateo, CA, USA",37.496904,-122.3330573
4/1/2012,12,koichik,Japan,36.5748441,139.2394179
4/1/2012,3,iwillwen,"Foshan,CN",23.0249168,113.1146174
4/1/2012,3,iizukanao,Tokyo,35.69004135,139.5103951
4/1/2012,6,ry,"San Francisco, CA",37.7789601,-122.419199
4/1/2012,3,laverdet,"Tokyo, JP",35.69004135,139.5103951
4/1/2012,3,bluesmoon,"Sunnyvale, CA",37.3688301,-122.0363496
4/1/2012,9,gjtorikian,"San Francisco, CA",37.7789601,-122.419199
4/1/2012,3,Sannis,"Moscow, Russia",55.4792046,37.3273304
4/1/2012,30,shigeki,"Tokyo, Japan",35.69004135,139.5103951
4/1/2012,3,stonecobra,"Roseville, CA",38.76318285,-121.290758
4/1/2012,3,DamonOehlman,"Brisbane, Australia",-27.4689682,153.0234991
4/1/2012,12,mmalecki,"Poznań, Poland",52.40039265,16.92021821
4/1/2012,3,dshaw,"San Francisco, CA",37.7789601,-122.419199
4/1/2012,9,Skomski,"Berlin, Germany",52.5170365,13.3888599
4/1/2012,3,skenqbx,Germany,51.0834196,10.4234469
4/1/2012,12,AndreasMadsen,Denmark,55.670249,10.3333283
4/1/2012,9,novemberborn,"London, UK",51.5072759,-0.1276597
4/1/2012,3,shancat,Australia,-27.2692649,136.1048783
4/1/2012,48,zzak,Vermont,44.5990718,-72.5002608
4/1/2012,18,kevingadd,"Mountain View, CA",37.3855745,-122.08205
4/1/2012,18,stephank,The Netherlands,25.22453785,55.16235379
4/1/2012,6,meso,Tokyo/Japan,35.69004135,139.5103951
4/1/2012,3,vvo,"Paris, france",48.8565056,2.3521334
4/1/2012,189,bnoordhuis,"Gouda, the Netherlands",52.0114927,4.7106063
4/1/2012,60,shama,"Kelseyville, CA",38.965062,-122.8371465
4/1/2012,249,isaacs,Oakland CA,37.8043808,-122.2708166
4/1/2012,66,TooTallNate,"San Rafael, CA",37.9735346,-122.5310874
4/1/2012,6,mranney,"Oakland, CA",37.8043808,-122.2708166
4/1/2012,51,ssuda,Bangalore,12.9793998,77.5903608
4/1/2012,12,MonsieurLu,"Lille, France",50.6305089,3.0706414
4/1/2012,3,domenic,"New York, NY",40.7305991,-73.9865812
4/1/2012,12,igorzi,"Redmond, WA",47.6694141,-122.1238767
3/1/2012,3,DamonOehlman,"Brisbane, Australia",-27.4689682,153.0234991
3/1/2012,15,raminv80,Malaysia,4.5693754,102.2656823
3/1/2012,33,davepacheco,San Francisco,37.7789601,-122.419199
3/1/2012,3,alFReD-NSH,Kuala Lumpur,3.13871025,101.6820995
3/1/2012,9,meso,Tokyo/Japan,35.69004135,139.5103951
3/1/2012,3,morkai,Poland,52.0977181,19.0258159
3/1/2012,9,Hello71,"Toronto, Ontario, Canada",43.6529206,-79.3849008
3/1/2012,6,ErikDubbelboer,"Utrecht, Netherlands",52.0959423,5.1104136
3/1/2012,27,thiagoarrais,Recife - Brazil,-8.0581077,-34.8979047
3/1/2012,3,shama,"Kelseyville, CA",38.965062,-122.8371465
3/1/2012,9,tellnes,"Trondheim, Norway",63.4305658,10.3951929
3/1/2012,3,toopay,Surabaya,-7.2906029,112.7400214
3/1/2012,12,deniskin82,"Boston, MA",42.3604823,-71.0595678
3/1/2012,6,Sannis,"Moscow, Russia",55.4792046,37.3273304
3/1/2012,3,shtylman,NYC,40.7305991,-73.9865812
3/1/2012,3,papandreou,"Copenhagen, Denmark",55.6867243,12.5700724
3/1/2012,9,mcartoixa,"Paris, France",48.8565056,2.3521334
3/1/2012,3,agnat,Berlin,52.5170365,13.3888599
3/1/2012,3,xenyou,"Saitama, Japan",36.01852445,139.2814271
3/1/2012,3,domenic,"New York, NY",40.7305991,-73.9865812
3/1/2012,15,Skomski,"Berlin, Germany",52.5170365,13.3888599
3/1/2012,15,tjfontaine,Ohio,40.2253569,-82.6881395
3/1/2012,39,indutny,Russia,64.6863136,97.7453061
3/1/2012,219,TooTallNate,"San Rafael, CA",37.9735346,-122.5310874
3/1/2012,27,novemberborn,"London, UK",51.5072759,-0.1276597
3/1/2012,3,zbialecki,"Cambridge, MA",42.3750997,-71.1056157
3/1/2012,3,kapouer,France,46.603354,1.8883335
3/1/2012,15,igorzi,"Redmond, WA",47.6694141,-122.1238767
3/1/2012,3,Gozala,"San Francisco, USA",37.7789601,-122.419199
3/1/2012,3,hildjj,"Denver, CO, USA",39.7391536,-104.9847034
3/1/2012,3,nikhilm,India,22.3511148,78.6677428
3/1/2012,18,AndreasMadsen,Denmark,55.670249,10.3333283
3/1/2012,3,dshaw,"San Francisco, CA",37.7789601,-122.419199
3/1/2012,6,MonsieurLu,"Lille, France",50.6305089,3.0706414
3/1/2012,12,stephank,The Netherlands,25.22453785,55.16235379
3/1/2012,3,rvagg,"South Coast NSW, Australia",-33.9912225,151.2497988
3/1/2012,6,KDr2,"Beijing, China",40.2505379,116.6250886
3/1/2012,3,chriso,"Sydney, Australia",-33.8548157,151.2164539
3/1/2012,3,3rd-Eden,The Netherlands,25.22453785,55.16235379
3/1/2012,9,Southern,"NC, USA",35.6729639,-79.0392919
3/1/2012,27,mjor,"Uppsala, Sweden",60.1605771,17.62419273
3/1/2012,180,isaacs,Oakland CA,37.8043808,-122.2708166
3/1/2012,3,AvianFlu,"San Francisco, CA",37.7789601,-122.419199
3/1/2012,12,choonkeat,Singapore,1.2904527,103.852038
3/1/2012,9,Jimbly,"San Jose, CA",37.3438502,-121.8831349
3/1/2012,96,ssuda,Bangalore,12.9793998,77.5903608
3/1/2012,168,bnoordhuis,"Gouda, the Netherlands",52.0114927,4.7106063
3/1/2012,12,yosefd,Israel,30.8760272,35.0015196
3/1/2012,3,zzak,Vermont,44.5990718,-72.5002608
3/1/2012,21,koichik,Japan,36.5748441,139.2394179
3/1/2012,6,gjtorikian,"San Francisco, CA",37.7789601,-122.419199
3/1/2012,45,shigeki,"Tokyo, Japan",35.69004135,139.5103951
3/1/2012,3,innoying,Minnesota,45.9896587,-94.6113288